page_likes,page_interaction,page_category,tot_no_comments_bef,no_comments_24h,no_comments_48_24h,no_comments_24h_after_pub,delta_48_24h,character_count_post,no_shares_post,day_posted,current_day,has_new_comments,ID
3337470,11736,40,0,0,0,0,0,389,47,FRIDAY,FRIDAY,NA,P10001
1576517,33793,14,11,11,0,11,11,126,155,SATURDAY,SATURDAY,NA,P10002
2415071,57857,9,87,87,0,87,87,223,149,FRIDAY,FRIDAY,NA,P10003
78923,25345,24,35,35,0,35,35,103,1,SUNDAY,SUNDAY,NA,P10004
10039,1151,56,0,0,0,0,0,46,11,THURSDAY,FRIDAY,NA,P10005
5970921,234501,9,21,21,0,21,21,263,146,SATURDAY,SATURDAY,NA,P10006
1552629,64641,9,840,98,742,811,-644,212,1146,THURSDAY,FRIDAY,NA,P10007
4290409,131422,9,89,3,12,82,-9,92,95,FRIDAY,MONDAY,NA,P10008
135564,23,55,0,0,0,0,0,5,1,WEDNESDAY,THURSDAY,NA,P10009
867486,21963,4,1,1,0,0,1,117,1,SATURDAY,SUNDAY,NA,P10010
22042113,1207173,9,32,8,24,31,-16,164,23,WEDNESDAY,FRIDAY,NA,P10011
441554,60660,4,57,57,0,57,57,89,14,THURSDAY,FRIDAY,NA,P10012
2156275,47233,9,39,39,0,39,39,67,62,TUESDAY,TUESDAY,NA,P10013
28379,1283,32,2,1,1,1,0,0,1,SATURDAY,MONDAY,NA,P10014
6887,20,19,0,0,0,0,0,0,1,MONDAY,TUESDAY,NA,P10015
965964,11631,9,9,0,1,8,-1,95,66,SUNDAY,WEDNESDAY,NA,P10016
13742,66,17,0,0,0,0,0,108,1,THURSDAY,THURSDAY,NA,P10017
81756,2947,36,22,1,3,18,-2,0,81,THURSDAY,SUNDAY,NA,P10018
4488,124,40,2,2,0,2,2,584,19,MONDAY,MONDAY,NA,P10019
115804,22,46,8,8,0,8,8,6,41,THURSDAY,FRIDAY,NA,P10020
292911,25073,24,73,73,0,73,73,89,23,THURSDAY,FRIDAY,NA,P10021
8189,33,23,0,0,0,0,0,0,1,WEDNESDAY,THURSDAY,NA,P10022
1959278,12641,18,39,39,0,39,39,109,450,TUESDAY,WEDNESDAY,NA,P10023
4290409,131422,9,155,25,130,136,-105,88,70,THURSDAY,SATURDAY,NA,P10024
165002,25302,36,6,4,2,6,2,25,55,TUESDAY,WEDNESDAY,NA,P10025
9774,2397,16,0,0,0,0,0,35,1,WEDNESDAY,FRIDAY,NA,P10026
41320,90,27,5,5,0,5,5,817,1,MONDAY,MONDAY,NA,P10027
83215,12259,18,12,12,0,12,12,477,5,TUESDAY,TUESDAY,NA,P10028
3150,5,80,2,0,2,2,-2,74,4,FRIDAY,SUNDAY,NA,P10029
555304,599,47,0,0,0,0,0,40,2,THURSDAY,SATURDAY,NA,P10030
3002026,77240,9,31,31,0,31,31,75,59,MONDAY,TUESDAY,NA,P10031
78923,25345,24,99,20,79,94,-59,15,3,THURSDAY,FRIDAY,NA,P10032
7634,11,30,0,0,0,0,0,0,2,WEDNESDAY,FRIDAY,NA,P10033
99033,1053,32,18,7,11,18,-4,39,32,MONDAY,TUESDAY,NA,P10034
879585,49540,9,12,12,0,12,12,231,24,SUNDAY,SUNDAY,NA,P10035
81756,2947,36,22,22,0,22,22,195,71,SATURDAY,SUNDAY,NA,P10036
155048,34292,18,33,33,0,33,33,212,14,THURSDAY,FRIDAY,NA,P10037
50469,2456,32,1,0,0,1,0,329,1,WEDNESDAY,SATURDAY,NA,P10038
572325,27248,24,29,3,26,29,-23,260,58,MONDAY,TUESDAY,NA,P10039
329587,11271,4,0,0,0,0,0,31,2,FRIDAY,SATURDAY,NA,P10040
57889,10836,18,7,7,0,7,7,61,23,SUNDAY,MONDAY,NA,P10041
579587,33116,18,76,2,74,75,-72,169,1,SATURDAY,SUNDAY,NA,P10042
1433518,101466,9,112,3,9,103,-6,107,173,MONDAY,THURSDAY,NA,P10043
31178,41,27,0,0,0,0,0,275,3,WEDNESDAY,THURSDAY,NA,P10044
1833326,2081,14,21,0,6,21,-6,54,280,THURSDAY,SUNDAY,NA,P10045
2508979,63476,9,16,1,1,14,0,142,113,MONDAY,THURSDAY,NA,P10046
1426027,8025,1,5,0,0,5,0,66,18,FRIDAY,MONDAY,NA,P10047
441897,16175,18,81,2,13,75,-11,0,33,MONDAY,THURSDAY,NA,P10048
867486,21963,4,3,2,1,3,1,89,20,WEDNESDAY,THURSDAY,NA,P10049
1009493,47503,9,38,38,0,38,38,60,2,TUESDAY,TUESDAY,NA,P10050
6040,59,24,10,10,0,10,10,110,2,TUESDAY,WEDNESDAY,NA,P10051
269481,4381,38,1,0,1,1,-1,0,2,SUNDAY,WEDNESDAY,NA,P10052
4913787,158828,9,211,2,32,202,-30,57,83,TUESDAY,THURSDAY,NA,P10053
252794,6,22,0,0,0,0,0,77,1,FRIDAY,SUNDAY,NA,P10054
6887,20,19,3,3,0,3,3,334,14,TUESDAY,WEDNESDAY,NA,P10055
4662,12,49,8,8,0,8,8,220,3,THURSDAY,FRIDAY,NA,P10056
468063,137,77,0,0,0,0,0,1697,1,SATURDAY,TUESDAY,NA,P10057
72615,3569,14,22,22,0,22,22,0,2,SATURDAY,SATURDAY,NA,P10058
3002026,77240,9,25,3,22,25,-19,117,5,SATURDAY,SUNDAY,NA,P10059
39611,612,32,0,0,0,0,0,339,3,SATURDAY,MONDAY,NA,P10060
73349,1484,18,8,2,6,7,-4,5,1,THURSDAY,SATURDAY,NA,P10061
309914,5432,26,2,0,2,2,-2,167,77,THURSDAY,FRIDAY,NA,P10062
4300072,293563,18,529,19,84,466,-65,26,142,SUNDAY,WEDNESDAY,NA,P10063
72615,3569,14,5,0,5,5,-5,61,1,SUNDAY,MONDAY,NA,P10064
15064,0,5,0,0,0,0,0,0,2,WEDNESDAY,WEDNESDAY,NA,P10065
579725,91788,24,363,68,295,316,-227,59,574,MONDAY,TUESDAY,NA,P10066
6379081,54297,24,45,45,0,45,45,151,25,TUESDAY,WEDNESDAY,NA,P10067
55975,774,50,1,0,0,1,0,56,1,TUESDAY,FRIDAY,NA,P10068
4609,3,14,2,0,2,2,-2,465,1,THURSDAY,SATURDAY,NA,P10069
3995273,297147,4,1345,1345,0,1345,1345,21,346,SUNDAY,SUNDAY,NA,P10070
23055,67,36,5,0,4,4,-4,164,150,WEDNESDAY,SATURDAY,NA,P10071
1552629,64641,9,65,65,0,65,65,43,57,SUNDAY,MONDAY,NA,P10072
2078654,84453,9,50,50,0,50,50,288,119,FRIDAY,SATURDAY,NA,P10073
3032492,114769,9,11,0,0,11,0,119,2,SATURDAY,TUESDAY,NA,P10074
175201,54849,36,220,41,179,215,-138,2449,88,WEDNESDAY,FRIDAY,NA,P10075
8580,589,44,0,0,0,0,0,123,1,WEDNESDAY,SATURDAY,NA,P10076
663025,5954,24,28,28,0,28,28,174,71,SUNDAY,MONDAY,NA,P10077
30366,2,17,0,0,0,0,0,183,4,WEDNESDAY,THURSDAY,NA,P10078
891159,106158,9,57,4,53,56,-49,185,25,SATURDAY,MONDAY,NA,P10079
11384,226,2,5,5,0,5,5,241,1,FRIDAY,SATURDAY,NA,P10080
684014,72208,9,258,258,0,258,258,36,1521,TUESDAY,TUESDAY,NA,P10081
572325,27248,24,65,65,0,65,65,40,40,SUNDAY,SUNDAY,NA,P10082
33326385,27408,47,345,345,0,345,345,160,21,SATURDAY,SATURDAY,NA,P10083
244175,15135,18,20,0,0,20,0,87,4,SUNDAY,WEDNESDAY,NA,P10084
232059,4993,24,21,21,0,21,21,37,52,SUNDAY,MONDAY,NA,P10085
623667,2666,26,10,10,0,10,10,44,61,SATURDAY,SATURDAY,NA,P10086
518876,51411,24,126,60,66,124,-6,80,15,MONDAY,TUESDAY,NA,P10087
114303,41419,24,21,21,0,21,21,104,50,SUNDAY,SUNDAY,NA,P10088
50563,2348,32,6,6,0,6,6,194,13,FRIDAY,FRIDAY,NA,P10089
17942,264,16,0,0,0,0,0,0,1,SUNDAY,MONDAY,NA,P10090
1251509,46184,9,3,3,0,3,3,0,28,THURSDAY,FRIDAY,NA,P10091
32319,406,32,0,0,0,0,0,37,35,SATURDAY,TUESDAY,NA,P10092
579587,33116,18,40,40,0,40,40,69,15,TUESDAY,TUESDAY,NA,P10093
1009493,47503,9,13,13,0,13,13,140,19,FRIDAY,SATURDAY,NA,P10094
4290409,131422,9,28,1,1,26,0,95,16,SUNDAY,WEDNESDAY,NA,P10095
42440,5337,8,3,0,2,3,-2,38,1,SATURDAY,MONDAY,NA,P10096
5365996,102442,9,35,35,0,35,35,76,1,SATURDAY,SUNDAY,NA,P10097
313452,86759,8,1263,1263,0,1263,1263,133,763,FRIDAY,SATURDAY,NA,P10098
8580,589,44,1,0,0,1,0,171,12,THURSDAY,SUNDAY,NA,P10099
175201,54849,36,51,51,0,51,51,1936,90,TUESDAY,WEDNESDAY,NA,P10100
25281,65,39,38,38,0,38,38,0,26,TUESDAY,WEDNESDAY,NA,P10101
609152,16856,18,28,28,0,28,28,132,2,MONDAY,TUESDAY,NA,P10102
367390,2678,100,10,10,0,10,10,53,42,SUNDAY,SUNDAY,NA,P10103
4290409,131422,9,104,104,0,104,104,74,236,FRIDAY,FRIDAY,NA,P10104
661,0,24,2,2,0,2,2,78,12,SATURDAY,SATURDAY,NA,P10105
891159,106158,9,12,12,0,12,12,2010,11,TUESDAY,TUESDAY,NA,P10106
3337470,11736,40,0,0,0,0,0,288,1,TUESDAY,TUESDAY,NA,P10107
595191,1561,16,140,2,17,137,-15,1483,3,SATURDAY,MONDAY,NA,P10108
23055,67,36,8,2,6,8,-4,96,4,FRIDAY,SATURDAY,NA,P10109
3337470,11736,40,9,1,1,7,0,250,24,SATURDAY,MONDAY,NA,P10110
57889,10836,18,16,16,0,16,16,258,1,MONDAY,TUESDAY,NA,P10111
513160,73487,42,13,13,0,13,13,86,37,SATURDAY,SATURDAY,NA,P10112
663025,5954,24,18,3,15,18,-12,200,4,THURSDAY,SATURDAY,NA,P10113
416948,57260,18,75,75,0,75,75,82,60,SUNDAY,MONDAY,NA,P10114
1204214,6418,1,0,0,0,0,0,20,5,FRIDAY,SATURDAY,NA,P10115
663025,5954,24,50,6,18,43,-12,267,22,MONDAY,WEDNESDAY,NA,P10116
63888,1564,24,20,0,1,20,-1,0,1,SATURDAY,TUESDAY,NA,P10117
4913787,158828,9,63,4,13,52,-9,114,384,THURSDAY,SUNDAY,NA,P10118
309914,5432,26,11,3,8,11,-5,264,243,MONDAY,WEDNESDAY,NA,P10119
640987,84288,1,8,8,0,8,8,56,102,SUNDAY,SUNDAY,NA,P10120
572325,27248,24,5,0,5,5,-5,191,11,SATURDAY,SUNDAY,NA,P10121
2027759,30065,8,0,0,0,0,0,201,198,FRIDAY,FRIDAY,NA,P10122
25281,65,39,12,2,10,12,-8,513,4,SUNDAY,TUESDAY,NA,P10123
343688,13610,24,12,1,11,11,-10,179,14,SATURDAY,MONDAY,NA,P10124
242526,701,4,1,1,0,1,1,268,1,FRIDAY,SATURDAY,NA,P10125
1975842,140870,9,165,4,94,161,-90,166,767,SATURDAY,MONDAY,NA,P10126
1975842,140870,9,205,205,0,205,205,113,72,SUNDAY,MONDAY,NA,P10127
50469,2456,32,4,1,3,3,-2,277,1,SUNDAY,TUESDAY,NA,P10128
9422,189,34,0,0,0,0,0,89,1,SUNDAY,SUNDAY,NA,P10129
456478,3946,24,138,5,31,132,-26,123,49,WEDNESDAY,SATURDAY,NA,P10130
1426027,8025,1,6,0,6,6,-6,48,2,FRIDAY,SUNDAY,NA,P10131
700738,1600,34,1,1,0,1,1,238,1,FRIDAY,SATURDAY,NA,P10132
358398,8153,18,87,6,81,83,-75,21,3,WEDNESDAY,FRIDAY,NA,P10133
633016,168920,18,139,13,126,130,-113,42,67,THURSDAY,SATURDAY,NA,P10134
8580,589,44,0,0,0,0,0,153,2,WEDNESDAY,THURSDAY,NA,P10135
23223,121,36,13,2,11,11,-9,120,82,TUESDAY,THURSDAY,NA,P10136
1009493,47503,9,15,15,0,15,15,76,15,FRIDAY,SATURDAY,NA,P10137
28379,1283,32,2,0,0,2,0,24,1,WEDNESDAY,FRIDAY,NA,P10138
7461335,218090,9,294,294,0,294,294,170,138,MONDAY,MONDAY,NA,P10139
590707,25344,79,12,1,11,11,-10,184,65,SUNDAY,TUESDAY,NA,P10140
83245,558,34,0,0,0,0,0,721,2,TUESDAY,THURSDAY,NA,P10141
420838,606,39,7,1,4,6,-3,0,4,FRIDAY,MONDAY,NA,P10142
313452,86759,8,49,12,37,45,-25,0,435,FRIDAY,SATURDAY,NA,P10143
572325,27248,24,2,1,1,2,0,199,11,SUNDAY,TUESDAY,NA,P10144
653756,44589,24,6,6,0,6,6,107,3,MONDAY,MONDAY,NA,P10145
1057645,119644,24,43,11,32,41,-21,179,29,MONDAY,TUESDAY,NA,P10146
228007,24,16,11,0,11,11,-11,635,5,SUNDAY,MONDAY,NA,P10147
2736,277,54,3,0,3,3,-3,501,1,SUNDAY,TUESDAY,NA,P10148
4526533,111134,9,62,62,0,62,62,76,166,SATURDAY,SATURDAY,NA,P10149
133574,22660,38,34,2,5,31,-3,190,2,WEDNESDAY,SATURDAY,NA,P10150
313452,86759,8,83,9,19,66,-10,371,78,FRIDAY,MONDAY,NA,P10151
489358,21286,24,49,1,28,48,-27,142,2,SATURDAY,MONDAY,NA,P10152
3280313,39324,14,81,14,67,78,-53,25,201,SUNDAY,TUESDAY,NA,P10153
7564986,123241,12,1,1,0,1,1,105,2,FRIDAY,FRIDAY,NA,P10154
57889,10836,18,8,8,0,8,8,158,11,THURSDAY,FRIDAY,NA,P10155
1204214,6418,1,5,5,0,5,5,60,75,WEDNESDAY,THURSDAY,NA,P10156
94905,5573,18,26,2,12,21,-10,102,3,MONDAY,WEDNESDAY,NA,P10157
2078654,84453,9,43,43,0,43,43,951,233,MONDAY,MONDAY,NA,P10158
47872,3957,45,0,0,0,0,0,0,1,FRIDAY,SUNDAY,NA,P10159
1009493,47503,9,13,13,0,13,13,19,14,SATURDAY,SUNDAY,NA,P10160
3424,168,32,2,2,0,2,2,0,1,FRIDAY,FRIDAY,NA,P10161
2239009,87722,9,179,15,164,172,-149,269,624,TUESDAY,WEDNESDAY,NA,P10162
86582,175,4,1,0,0,1,0,39,3,TUESDAY,THURSDAY,NA,P10163
50469,2456,32,2,2,0,2,2,61,40,TUESDAY,TUESDAY,NA,P10164
44314,6358,8,22,22,0,22,22,76,2,TUESDAY,TUESDAY,NA,P10165
825,21,18,0,0,0,0,0,101,1,WEDNESDAY,SATURDAY,NA,P10166
572325,27248,24,10,10,0,10,10,41,18,FRIDAY,FRIDAY,NA,P10167
25599,1835,32,0,0,0,0,0,0,1,TUESDAY,WEDNESDAY,NA,P10168
23055,67,36,16,0,16,16,-16,110,125,MONDAY,WEDNESDAY,NA,P10169
55520,13,26,0,0,0,0,0,75,5,FRIDAY,SUNDAY,NA,P10170
274207,100435,18,97,97,0,97,97,44,31,SATURDAY,SUNDAY,NA,P10171
4926,58,68,0,0,0,0,0,109,1,SATURDAY,SUNDAY,NA,P10172
1975842,140870,9,195,2,37,193,-35,103,44,FRIDAY,SUNDAY,NA,P10173
29392,597,91,0,0,0,0,0,0,4,SATURDAY,SUNDAY,NA,P10174
413095,19301,24,59,2,30,53,-28,156,18,THURSDAY,SATURDAY,NA,P10175
57916,4150,80,6,6,0,6,6,6,25,THURSDAY,FRIDAY,NA,P10176
175464,52814,8,72,6,6,61,0,68,33,THURSDAY,SUNDAY,NA,P10177
663025,5954,24,22,0,5,21,-5,204,4,FRIDAY,MONDAY,NA,P10178
518876,51411,24,20,20,0,20,20,141,1,MONDAY,TUESDAY,NA,P10179
4526533,111134,9,29,1,28,28,-27,41,15,FRIDAY,SUNDAY,NA,P10180
115669,745,1,0,0,0,0,0,248,3,TUESDAY,WEDNESDAY,NA,P10181
1501468,50185,8,69,69,0,69,69,0,44,WEDNESDAY,WEDNESDAY,NA,P10182
1045111,34768,16,2,0,0,2,0,41,1,FRIDAY,MONDAY,NA,P10183
441554,60660,4,98,2,32,95,-30,145,15,THURSDAY,SATURDAY,NA,P10184
2156275,47233,9,27,27,0,27,27,65,61,WEDNESDAY,THURSDAY,NA,P10185
413095,19301,24,46,17,29,45,-12,111,32,SATURDAY,SUNDAY,NA,P10186
965964,11631,9,11,11,0,11,11,342,18,SUNDAY,MONDAY,NA,P10187
89879,1257,14,2,0,2,2,-2,69,3,FRIDAY,SUNDAY,NA,P10188
25879,1970,36,30,0,2,30,-2,145,29,SUNDAY,TUESDAY,NA,P10189
668834,42523,9,757,53,704,709,-651,13,94,FRIDAY,SUNDAY,NA,P10190
12301,87,18,0,0,0,0,0,232,1,SATURDAY,MONDAY,NA,P10191
856554,28,16,1,1,0,0,1,42,1,MONDAY,WEDNESDAY,NA,P10192
6109,1,13,14,3,11,14,-8,19,1,FRIDAY,SATURDAY,NA,P10193
562,0,16,0,0,0,0,0,48,1,THURSDAY,SATURDAY,NA,P10194
34008,11863,18,16,2,9,13,-7,108,15,MONDAY,WEDNESDAY,NA,P10195
33326385,27408,47,225,6,219,219,-213,149,231,THURSDAY,SATURDAY,NA,P10196
204478,3661,92,3,3,0,3,3,107,2,FRIDAY,SATURDAY,NA,P10197
441897,16175,18,76,76,0,76,76,107,104,THURSDAY,THURSDAY,NA,P10198
11426,3330,8,3,3,0,3,3,131,1,SATURDAY,SUNDAY,NA,P10199
595191,1561,16,44,0,2,44,-2,24,67,SATURDAY,MONDAY,NA,P10200
413095,19301,24,3,3,0,3,3,123,13,THURSDAY,THURSDAY,NA,P10201
441897,16175,18,280,28,252,264,-224,141,174,FRIDAY,SUNDAY,NA,P10202
810,4,67,0,0,0,0,0,89,1,THURSDAY,SATURDAY,NA,P10203
269481,4381,38,0,0,0,0,0,0,19,SUNDAY,TUESDAY,NA,P10204
2046147,123685,9,9,0,0,9,0,53,23,THURSDAY,SUNDAY,NA,P10205
4526533,111134,9,27,27,0,27,27,77,50,SATURDAY,SATURDAY,NA,P10206
1425417,84153,18,87,87,0,87,87,35,34,SATURDAY,SATURDAY,NA,P10207
5861927,29355,22,6,2,4,6,-2,120,3,SATURDAY,MONDAY,NA,P10208
309914,5432,26,12,1,11,12,-10,113,157,SUNDAY,MONDAY,NA,P10209
4290409,131422,9,139,63,76,136,-13,88,70,THURSDAY,FRIDAY,NA,P10210
253349,1888,44,16,0,5,14,-5,54,29,WEDNESDAY,SATURDAY,NA,P10211
47872,3957,45,0,0,0,0,0,500,1,WEDNESDAY,SATURDAY,NA,P10212
39611,612,32,3,3,0,3,3,71,2,WEDNESDAY,THURSDAY,NA,P10213
672411,14221,9,5,5,0,5,5,190,13,WEDNESDAY,THURSDAY,NA,P10214
3337470,11736,40,22,20,2,22,18,213,45,WEDNESDAY,THURSDAY,NA,P10215
400487,57833,13,17,2,15,16,-13,149,15,MONDAY,WEDNESDAY,NA,P10216
456478,3946,24,42,42,0,42,42,138,27,TUESDAY,WEDNESDAY,NA,P10217
41320,90,27,0,0,0,0,0,42,1,WEDNESDAY,SATURDAY,NA,P10218
1959278,12641,18,16,0,16,16,-16,87,66,THURSDAY,SATURDAY,NA,P10219
684014,72208,9,16,0,3,13,-3,155,3,WEDNESDAY,SATURDAY,NA,P10220
879585,49540,9,0,0,0,0,0,0,1,THURSDAY,FRIDAY,NA,P10221
895296,35681,16,166,14,101,149,-87,11,194,WEDNESDAY,FRIDAY,NA,P10222
17942,264,16,4,2,2,4,0,0,1,THURSDAY,SATURDAY,NA,P10223
104597,317,36,48,18,30,41,-12,0,396,MONDAY,WEDNESDAY,NA,P10224
3544586,227617,9,123,38,85,122,-47,99,343,THURSDAY,FRIDAY,NA,P10225
220749,12792,18,40,40,0,40,40,45,11,THURSDAY,THURSDAY,NA,P10226
313452,86759,8,76,19,57,73,-38,57,94,THURSDAY,SATURDAY,NA,P10227
891159,106158,9,7,0,7,7,-7,820,5,TUESDAY,THURSDAY,NA,P10228
89879,1257,14,1,0,0,1,0,142,2,TUESDAY,FRIDAY,NA,P10229
4233,1005,18,7,7,0,7,7,14,1,SATURDAY,SATURDAY,NA,P10230
684014,72208,9,58,0,5,56,-5,91,38,WEDNESDAY,FRIDAY,NA,P10231
1045111,34768,16,4,0,4,4,-4,0,258,THURSDAY,SATURDAY,NA,P10232
6141231,290050,36,110,3,11,104,-8,115,67,FRIDAY,MONDAY,NA,P10233
3337470,11736,40,13,1,2,10,-1,146,616,WEDNESDAY,SATURDAY,NA,P10234
595191,1561,16,19,19,0,19,19,16,74,SATURDAY,SUNDAY,NA,P10235
420838,606,39,19,1,18,19,-17,0,2,SATURDAY,MONDAY,NA,P10236
228007,24,16,1,0,0,1,0,144,1,SUNDAY,WEDNESDAY,NA,P10237
25879,1970,36,7,3,0,4,3,100,58,SATURDAY,TUESDAY,NA,P10238
55520,13,26,0,0,0,0,0,87,1,MONDAY,WEDNESDAY,NA,P10239
9422,189,34,0,0,0,0,0,60,1,FRIDAY,SATURDAY,NA,P10240
595191,1561,16,19,1,6,18,-5,0,36,MONDAY,THURSDAY,NA,P10241
50469,2456,32,8,3,5,8,-2,402,2,FRIDAY,SATURDAY,NA,P10242
4913787,158828,9,115,115,0,115,115,91,338,SATURDAY,SUNDAY,NA,P10243
565299,53207,18,21,7,1,13,6,376,65,SUNDAY,WEDNESDAY,NA,P10244
3002207,47567,3,7,0,7,7,-7,138,17,FRIDAY,SUNDAY,NA,P10245
209071,444,55,0,0,0,0,0,19,1,TUESDAY,THURSDAY,NA,P10246
856554,28,16,18,2,16,18,-14,104,19,SATURDAY,MONDAY,NA,P10247
321135,1651,16,39,3,20,36,-17,115,31,TUESDAY,THURSDAY,NA,P10248
454393,66403,96,2,0,2,2,-2,14,3,SUNDAY,MONDAY,NA,P10249
2156275,47233,9,248,7,79,240,-72,120,437,SATURDAY,MONDAY,NA,P10250
6991,550,80,3,3,0,3,3,578,15,SUNDAY,SUNDAY,NA,P10251
433536,11192,24,83,0,4,80,-4,177,18,SATURDAY,TUESDAY,NA,P10252
700738,1600,34,2,2,0,2,2,308,1,FRIDAY,SATURDAY,NA,P10253
1251509,46184,9,8,0,8,8,-8,0,2,MONDAY,WEDNESDAY,NA,P10254
14032442,35154,20,21,4,16,11,-12,166,19,TUESDAY,THURSDAY,NA,P10255
321135,1651,16,2,2,0,2,2,11,1,WEDNESDAY,THURSDAY,NA,P10256
274207,100435,18,42,42,0,42,42,28,1,MONDAY,TUESDAY,NA,P10257
6109,1,13,0,0,0,0,0,61,1,SUNDAY,WEDNESDAY,NA,P10258
25723,3586,2,30,0,18,29,-18,189,18,MONDAY,WEDNESDAY,NA,P10259
274207,100435,18,52,52,0,52,52,79,62,SUNDAY,SUNDAY,NA,P10260
104597,317,36,176,0,16,168,-16,321,369,WEDNESDAY,SATURDAY,NA,P10261
115804,22,46,7,0,7,7,-7,5,63,THURSDAY,SATURDAY,NA,P10262
285320,5510,24,225,225,0,225,225,60,1,SUNDAY,MONDAY,NA,P10263
10217,2,55,1,1,0,1,1,451,1,TUESDAY,WEDNESDAY,NA,P10264
433536,11192,24,13,0,13,13,-13,170,6,SUNDAY,TUESDAY,NA,P10265
54305,4830,67,0,0,0,0,0,171,1,SATURDAY,SUNDAY,NA,P10266
425753,10938,31,22,0,4,22,-4,165,24,TUESDAY,FRIDAY,NA,P10267
441554,60660,4,33,0,2,33,-2,133,14,WEDNESDAY,SATURDAY,NA,P10268
3032492,114769,9,23,1,22,22,-21,488,184,WEDNESDAY,FRIDAY,NA,P10269
1259,0,2,18,0,18,18,-18,287,2,SUNDAY,MONDAY,NA,P10270
156629,83726,57,203,203,0,203,203,265,391,TUESDAY,TUESDAY,NA,P10271
57916,4150,80,19,19,0,19,19,214,27,SUNDAY,MONDAY,NA,P10272
1203855,101567,9,18,0,3,16,-3,34,18,TUESDAY,FRIDAY,NA,P10273
965964,11631,9,6,1,5,6,-4,0,1,FRIDAY,SATURDAY,NA,P10274
236881,36034,40,58,2,31,55,-29,111,411,TUESDAY,THURSDAY,NA,P10275
356059,27989,8,105,105,0,105,105,15,20,WEDNESDAY,THURSDAY,NA,P10276
672411,14221,9,17,6,11,17,-5,125,12,SATURDAY,MONDAY,NA,P10277
3544586,227617,9,45,45,0,45,45,84,101,MONDAY,TUESDAY,NA,P10278
1433518,101466,9,119,9,110,114,-101,117,119,TUESDAY,WEDNESDAY,NA,P10279
5861927,29355,22,18,4,3,14,1,1412,2,MONDAY,THURSDAY,NA,P10280
192885,2647,24,32,10,22,32,-12,16,133,FRIDAY,SUNDAY,NA,P10281
996915,86122,24,60,60,0,60,60,145,32,MONDAY,MONDAY,NA,P10282
367390,2678,100,5,5,0,5,5,30,63,SATURDAY,SATURDAY,NA,P10283
184,1,27,0,0,0,0,0,0,13,TUESDAY,WEDNESDAY,NA,P10284
2075758,17605,9,34,8,26,33,-18,58,314,SUNDAY,MONDAY,NA,P10285
23985,2773,36,1,1,0,1,1,7,5,TUESDAY,WEDNESDAY,NA,P10286
2027759,30065,8,889,889,0,889,889,73,161,MONDAY,TUESDAY,NA,P10287
6292,114,24,0,0,0,0,0,13,1,SATURDAY,MONDAY,NA,P10288
34008,11863,18,28,28,0,28,28,12,2,SATURDAY,SUNDAY,NA,P10289
7373665,37465,14,370,12,151,342,-139,39,7247,SATURDAY,MONDAY,NA,P10290
57411,1485,87,0,0,0,0,0,160,3,MONDAY,MONDAY,NA,P10291
642243,12330,24,36,3,33,34,-30,155,59,MONDAY,WEDNESDAY,NA,P10292
4913787,158828,9,61,61,0,61,61,117,342,MONDAY,TUESDAY,NA,P10293
36734,4,14,0,0,0,0,0,157,1,TUESDAY,WEDNESDAY,NA,P10294
2046147,123685,9,23,1,4,21,-3,583,56,THURSDAY,SATURDAY,NA,P10295
1317873,56331,24,464,164,300,431,-136,59,122,MONDAY,WEDNESDAY,NA,P10296
798622,34668,5,5,2,3,5,-1,322,82,MONDAY,TUESDAY,NA,P10297
668834,42523,9,67,25,42,60,-17,116,190,FRIDAY,SATURDAY,NA,P10298
10357851,256407,4,84,84,0,84,84,146,225,TUESDAY,TUESDAY,NA,P10299
595191,1561,16,25,0,3,25,-3,739,64,SUNDAY,TUESDAY,NA,P10300
672411,14221,9,10,10,0,10,10,179,15,TUESDAY,TUESDAY,NA,P10301
14691,4072,16,200,51,149,157,-98,60,5,SATURDAY,MONDAY,NA,P10302
633796,954,9,20,0,1,20,-1,252,2,SUNDAY,WEDNESDAY,NA,P10303
3544586,227617,9,50,50,0,50,50,0,132,FRIDAY,SATURDAY,NA,P10304
684014,72208,9,19,19,0,19,19,47,1,MONDAY,MONDAY,NA,P10305
4685,391,32,0,0,0,0,0,0,1,TUESDAY,FRIDAY,NA,P10306
668834,42523,9,163,163,0,163,163,109,302,WEDNESDAY,THURSDAY,NA,P10307
640987,84288,1,12,0,2,10,-2,127,38,SATURDAY,MONDAY,NA,P10308
23253,4595,8,7,0,1,6,-1,137,1,SATURDAY,TUESDAY,NA,P10309
209979,185,46,0,0,0,0,0,0,4,FRIDAY,FRIDAY,NA,P10310
441897,16175,18,53,2,8,50,-6,208,3,FRIDAY,SUNDAY,NA,P10311
2156275,47233,9,0,0,0,0,0,154,1,FRIDAY,MONDAY,NA,P10312
642243,12330,24,16,16,0,16,16,204,46,THURSDAY,FRIDAY,NA,P10313
51890,4376,66,30,1,29,29,-28,54,2,SATURDAY,SUNDAY,NA,P10314
965964,11631,9,33,33,0,33,33,154,116,WEDNESDAY,WEDNESDAY,NA,P10315
7564986,123241,12,4,2,0,2,2,127,30,FRIDAY,MONDAY,NA,P10316
10135,1025,24,7,0,7,7,-7,284,1,SATURDAY,MONDAY,NA,P10317
142636,19782,9,22,3,19,22,-16,58,26,WEDNESDAY,THURSDAY,NA,P10318
70695,7237,18,8,0,1,7,-1,131,2,SUNDAY,WEDNESDAY,NA,P10319
1457476,3961,10,0,0,0,0,0,115,13,TUESDAY,THURSDAY,NA,P10320
212881,25,16,97,2,9,91,-7,207,100,THURSDAY,SUNDAY,NA,P10321
518876,51411,24,13,13,0,13,13,127,84,FRIDAY,SATURDAY,NA,P10322
309914,5432,26,1,0,0,1,0,418,63,THURSDAY,SATURDAY,NA,P10323
55275,1834,13,1,1,0,1,1,228,2,WEDNESDAY,FRIDAY,NA,P10324
1611220,9484,31,103,5,31,85,-26,109,1253,WEDNESDAY,FRIDAY,NA,P10325
309914,5432,26,3,1,2,3,-1,291,84,THURSDAY,SATURDAY,NA,P10326
608825,11239,44,33,33,0,33,33,34,201,MONDAY,TUESDAY,NA,P10327
20131,27,24,0,0,0,0,0,59,1,FRIDAY,SUNDAY,NA,P10328
274207,100435,18,58,1,7,53,-6,13,3,FRIDAY,MONDAY,NA,P10329
608825,11239,44,19,19,0,19,19,24,90,FRIDAY,SATURDAY,NA,P10330
100625,1280,105,2,0,2,2,-2,107,2,TUESDAY,THURSDAY,NA,P10331
454,3,62,0,0,0,0,0,79,1,WEDNESDAY,THURSDAY,NA,P10332
2001197,1053,2,34,0,7,34,-7,395,44,THURSDAY,SATURDAY,NA,P10333
867486,21963,4,4,0,2,3,-2,0,3,TUESDAY,THURSDAY,NA,P10334
400487,57833,13,17,1,7,14,-6,167,18,WEDNESDAY,FRIDAY,NA,P10335
343688,13610,24,52,52,0,52,52,49,11,MONDAY,TUESDAY,NA,P10336
104037,30,14,6,6,0,6,6,30,70,TUESDAY,WEDNESDAY,NA,P10337
2549867,177095,9,946,111,835,928,-724,85,460,TUESDAY,WEDNESDAY,NA,P10338
96918,4495,8,3,3,0,3,3,149,14,MONDAY,TUESDAY,NA,P10339
28325843,571967,61,228,27,48,178,-21,146,2044,MONDAY,THURSDAY,NA,P10340
2470711,271475,9,129,129,0,129,129,107,40,TUESDAY,WEDNESDAY,NA,P10341
4526533,111134,9,37,37,0,37,37,94,2,TUESDAY,TUESDAY,NA,P10342
244175,15135,18,44,44,0,44,44,265,2,TUESDAY,WEDNESDAY,NA,P10343
27147,2260,28,3,0,0,3,0,368,3,FRIDAY,MONDAY,NA,P10344
246883,10884,24,7,4,3,7,1,0,20,THURSDAY,SATURDAY,NA,P10345
165002,25302,36,8,1,7,8,-6,21,3,MONDAY,WEDNESDAY,NA,P10346
595191,1561,16,34,34,0,34,34,2068,64,WEDNESDAY,THURSDAY,NA,P10347
244175,15135,18,26,7,19,25,-12,83,1,TUESDAY,THURSDAY,NA,P10348
41813,10840,2,16,0,3,15,-3,0,41,SUNDAY,TUESDAY,NA,P10349
25599,1835,32,4,4,0,4,4,0,4,MONDAY,MONDAY,NA,P10350
23055,67,36,22,22,0,22,22,75,152,WEDNESDAY,THURSDAY,NA,P10351
672411,14221,9,182,3,20,173,-17,339,57,MONDAY,WEDNESDAY,NA,P10352
3432568,36997,9,4,4,0,4,4,126,2,MONDAY,TUESDAY,NA,P10353
891159,106158,9,32,11,21,31,-10,242,12,FRIDAY,SUNDAY,NA,P10354
2516731,20529,21,23,23,0,23,23,76,304,THURSDAY,FRIDAY,NA,P10355
13742,66,17,0,0,0,0,0,167,2,THURSDAY,SUNDAY,NA,P10356
1408791,172,23,0,0,0,0,0,0,44,THURSDAY,SATURDAY,NA,P10357
12802,31,29,2,2,0,2,2,0,38,WEDNESDAY,THURSDAY,NA,P10358
89879,1257,14,2,0,2,2,-2,150,4,SATURDAY,SUNDAY,NA,P10359
895296,35681,16,93,1,15,77,-14,7,104,TUESDAY,FRIDAY,NA,P10360
242526,701,4,4,4,0,4,4,221,13,MONDAY,MONDAY,NA,P10361
81756,2947,36,12,0,12,12,-12,158,28,TUESDAY,THURSDAY,NA,P10362
236881,36034,40,1,0,1,1,-1,104,3,THURSDAY,SATURDAY,NA,P10363
865437,23219,24,160,8,30,139,-22,46,14,SATURDAY,TUESDAY,NA,P10364
192885,2647,24,17,7,10,17,-3,341,53,THURSDAY,FRIDAY,NA,P10365
316982,61205,42,11,2,5,9,-3,226,59,SUNDAY,TUESDAY,NA,P10366
204478,3661,92,2,1,1,1,0,126,1,MONDAY,THURSDAY,NA,P10367
1492303,187752,24,743,42,94,640,-52,118,191,THURSDAY,SUNDAY,NA,P10368
825,21,18,1,0,1,1,-1,437,1,THURSDAY,FRIDAY,NA,P10369
19465,1578,18,8,0,3,6,-3,156,1,FRIDAY,MONDAY,NA,P10370
94905,5573,18,11,3,8,10,-5,74,3,TUESDAY,WEDNESDAY,NA,P10371
798622,34668,5,7,7,0,7,7,135,31,THURSDAY,FRIDAY,NA,P10372
3159268,155474,73,19,0,6,18,-6,178,4,WEDNESDAY,SATURDAY,NA,P10373
58594,498,36,26,3,8,21,-5,161,194,MONDAY,WEDNESDAY,NA,P10374
6292,114,24,4,4,0,4,4,25,1,TUESDAY,WEDNESDAY,NA,P10375
343688,13610,24,47,47,0,47,47,79,12,SATURDAY,SUNDAY,NA,P10376
292911,25073,24,9,9,0,9,9,171,1,FRIDAY,SATURDAY,NA,P10377
28325843,571967,61,401,135,266,357,-131,214,1633,TUESDAY,THURSDAY,NA,P10378
23985,2773,36,5,3,2,5,1,35,12,SATURDAY,MONDAY,NA,P10379
25281,65,39,14,0,1,14,-1,380,3,WEDNESDAY,FRIDAY,NA,P10380
798622,34668,5,16,16,0,16,16,3417,83,SATURDAY,SUNDAY,NA,P10381
1204214,6418,1,2,0,2,2,-2,14,32,TUESDAY,THURSDAY,NA,P10382
1340759,49392,9,8,8,0,8,8,150,2,MONDAY,TUESDAY,NA,P10383
99033,1053,32,15,0,4,13,-4,55,51,SATURDAY,TUESDAY,NA,P10384
865437,23219,24,20,20,0,20,20,73,32,FRIDAY,FRIDAY,NA,P10385
468063,137,77,19,19,0,19,19,11,12,FRIDAY,FRIDAY,NA,P10386
965964,11631,9,136,0,17,133,-17,176,205,MONDAY,WEDNESDAY,NA,P10387
165002,25302,36,12,12,0,12,12,21,76,WEDNESDAY,WEDNESDAY,NA,P10388
3544586,227617,9,90,21,69,86,-48,112,50,TUESDAY,WEDNESDAY,NA,P10389
14363,675,68,2,1,1,1,0,175,2,FRIDAY,SUNDAY,NA,P10390
6379081,54297,24,343,343,0,343,343,121,1041,SATURDAY,SUNDAY,NA,P10391
115804,22,46,16,7,9,14,-2,7,57,SATURDAY,MONDAY,NA,P10392
5957,525,76,0,0,0,0,0,19,1,SATURDAY,SUNDAY,NA,P10393
66311,442,75,0,0,0,0,0,91,1,MONDAY,TUESDAY,NA,P10394
1426027,8025,1,23,1,22,22,-21,204,1,TUESDAY,THURSDAY,NA,P10395
29392,597,91,3,0,3,3,-3,112,1,MONDAY,WEDNESDAY,NA,P10396
329587,11271,4,9,3,6,6,-3,100,15,FRIDAY,SUNDAY,NA,P10397
1045111,34768,16,6,1,0,5,1,0,659,FRIDAY,MONDAY,NA,P10398
236881,36034,40,71,1,3,68,-2,135,62,MONDAY,THURSDAY,NA,P10399
269481,4381,38,0,0,0,0,0,0,13,WEDNESDAY,THURSDAY,NA,P10400
25247,6182,24,8,8,0,8,8,42,1,THURSDAY,FRIDAY,NA,P10401
4072194,161174,9,122,122,0,122,122,82,125,THURSDAY,THURSDAY,NA,P10402
565299,53207,18,120,2,5,114,-3,75,186,WEDNESDAY,SATURDAY,NA,P10403
58594,498,36,7,0,7,7,-7,267,39,MONDAY,TUESDAY,NA,P10404
4290409,131422,9,133,2,40,126,-38,196,141,THURSDAY,SATURDAY,NA,P10405
425753,10938,31,45,45,0,45,45,94,201,WEDNESDAY,THURSDAY,NA,P10406
356059,27989,8,61,2,21,56,-19,44,3,MONDAY,THURSDAY,NA,P10407
2075758,17605,9,41,41,0,41,41,144,3,TUESDAY,TUESDAY,NA,P10408
50469,2456,32,1,0,0,1,0,384,3,FRIDAY,MONDAY,NA,P10409
2470711,271475,9,72,72,0,72,72,161,171,TUESDAY,WEDNESDAY,NA,P10410
1426027,8025,1,6,1,5,5,-4,45,30,MONDAY,WEDNESDAY,NA,P10411
184,1,27,0,0,0,0,0,0,5,MONDAY,TUESDAY,NA,P10412
3337470,11736,40,2,2,0,2,2,212,30,SATURDAY,SATURDAY,NA,P10413
2688,58,27,0,0,0,0,0,169,1,FRIDAY,SATURDAY,NA,P10414
236881,36034,40,8,0,3,6,-3,83,22,FRIDAY,SUNDAY,NA,P10415
1422427,35610,9,11,0,1,10,-1,0,3,TUESDAY,FRIDAY,NA,P10416
212300,1153,24,9,9,0,9,9,27,50,TUESDAY,WEDNESDAY,NA,P10417
1552629,64641,9,106,8,98,101,-90,270,102,WEDNESDAY,FRIDAY,NA,P10418
18236,81,4,9,9,0,9,9,0,3,SATURDAY,SATURDAY,NA,P10419
19465,1578,18,10,0,2,8,-2,30,3,SUNDAY,TUESDAY,NA,P10420
165002,25302,36,7,0,7,7,-7,258,12,MONDAY,WEDNESDAY,NA,P10421
24148,249,82,0,0,0,0,0,432,2,WEDNESDAY,THURSDAY,NA,P10422
684014,72208,9,141,141,0,141,141,75,85,SUNDAY,MONDAY,NA,P10423
253349,1888,44,1,1,0,1,1,134,1,TUESDAY,WEDNESDAY,NA,P10424
633016,168920,18,64,64,0,64,64,93,65,THURSDAY,THURSDAY,NA,P10425
1501889,33752,14,7,0,7,7,-7,224,14,THURSDAY,SATURDAY,NA,P10426
142636,19782,9,51,0,31,51,-31,45,13,SUNDAY,TUESDAY,NA,P10427
5365996,102442,9,43,3,40,41,-37,147,19,TUESDAY,THURSDAY,NA,P10428
1552629,64641,9,166,23,143,150,-120,28,330,WEDNESDAY,FRIDAY,NA,P10429
513160,73487,42,102,0,7,96,-7,1194,107,SUNDAY,TUESDAY,NA,P10430
329587,11271,4,7,4,3,7,1,0,2,WEDNESDAY,THURSDAY,NA,P10431
441554,60660,4,15,15,0,15,15,80,17,THURSDAY,THURSDAY,NA,P10432
192885,2647,24,15,15,0,15,15,313,22,SUNDAY,MONDAY,NA,P10433
20329,136,24,4,0,4,4,-4,204,2,SATURDAY,MONDAY,NA,P10434
24148,249,82,0,0,0,0,0,130,1,WEDNESDAY,FRIDAY,NA,P10435
1552629,64641,9,117,10,107,116,-97,52,88,SATURDAY,MONDAY,NA,P10436
4233,1005,18,0,0,0,0,0,14,1,TUESDAY,WEDNESDAY,NA,P10437
297702,488,55,0,0,0,0,0,68,1,THURSDAY,FRIDAY,NA,P10438
865437,23219,24,48,48,0,48,48,47,5,THURSDAY,THURSDAY,NA,P10439
3608,420,18,0,0,0,0,0,0,2,TUESDAY,WEDNESDAY,NA,P10440
579587,33116,18,98,16,82,90,-66,252,6,TUESDAY,WEDNESDAY,NA,P10441
28325843,571967,61,27,11,16,24,-5,110,32,SUNDAY,MONDAY,NA,P10442
3544586,227617,9,81,81,0,81,81,62,220,THURSDAY,FRIDAY,NA,P10443
115313,3650,24,1,0,1,1,-1,321,1,TUESDAY,THURSDAY,NA,P10444
57916,4150,80,24,2,13,22,-11,125,37,WEDNESDAY,FRIDAY,NA,P10445
2239009,87722,9,3,0,3,3,-3,74,1,MONDAY,TUESDAY,NA,P10446
8070687,278406,9,107,107,0,107,107,125,188,SATURDAY,SATURDAY,NA,P10447
115804,22,46,2,2,0,1,2,7,41,WEDNESDAY,FRIDAY,NA,P10448
25879,1970,36,14,14,0,14,14,0,75,THURSDAY,FRIDAY,NA,P10449
82197,3788,14,3,0,2,3,-2,212,5,TUESDAY,THURSDAY,NA,P10450
100625,1280,105,2,0,2,2,-2,129,2,SUNDAY,TUESDAY,NA,P10451
1422427,35610,9,1,1,0,1,1,65,1,WEDNESDAY,THURSDAY,NA,P10452
343688,13610,24,4,1,3,4,-2,326,11,WEDNESDAY,THURSDAY,NA,P10453
4662,12,49,0,0,0,0,0,0,2,TUESDAY,TUESDAY,NA,P10454
8580,589,44,0,0,0,0,0,168,1,TUESDAY,THURSDAY,NA,P10455
3150,5,80,1,0,1,1,-1,203,31,SUNDAY,TUESDAY,NA,P10456
165002,25302,36,281,281,0,281,281,232,822,WEDNESDAY,THURSDAY,NA,P10457
1009493,47503,9,8,8,0,8,8,152,16,SUNDAY,SUNDAY,NA,P10458
640987,84288,1,9,2,7,8,-5,64,12,SUNDAY,MONDAY,NA,P10459
7461335,218090,9,72,72,0,72,72,757,26,SUNDAY,MONDAY,NA,P10460
595191,1561,16,5,5,0,5,5,137,51,MONDAY,TUESDAY,NA,P10461
867486,21963,4,28,5,23,28,-18,18,2,SATURDAY,SUNDAY,NA,P10462
2046147,123685,9,196,129,67,194,62,179,89,SATURDAY,SUNDAY,NA,P10463
3337470,11736,40,7,7,0,7,7,381,17,THURSDAY,THURSDAY,NA,P10464
155266,2454,60,1,0,1,1,-1,56,39,SATURDAY,MONDAY,NA,P10465
4488,124,40,20,0,11,20,-11,721,78,WEDNESDAY,SATURDAY,NA,P10466
12293,3015,32,1,1,0,1,1,0,2,FRIDAY,SATURDAY,NA,P10467
3280313,39324,14,48,3,32,44,-29,91,160,FRIDAY,SUNDAY,NA,P10468
131134,53586,66,162,162,0,162,162,22,56,WEDNESDAY,THURSDAY,NA,P10469
12802,31,29,0,0,0,0,0,125,1,FRIDAY,FRIDAY,NA,P10470
11384,226,2,8,0,2,8,-2,274,3,TUESDAY,THURSDAY,NA,P10471
2516731,20529,21,5,0,2,3,-2,61,61,MONDAY,THURSDAY,NA,P10472
367390,2678,100,5,0,4,3,-4,218,40,SATURDAY,MONDAY,NA,P10473
96918,4495,8,8,8,0,8,8,33,1,TUESDAY,TUESDAY,NA,P10474
55275,1834,13,0,0,0,0,0,168,2,THURSDAY,SATURDAY,NA,P10475
16192,210,27,1,1,0,1,1,0,1,FRIDAY,SATURDAY,NA,P10476
1045111,34768,16,1,0,0,1,0,0,265,WEDNESDAY,SATURDAY,NA,P10477
32590,628,50,1,1,0,1,1,834,2,WEDNESDAY,THURSDAY,NA,P10478
32745,770,32,0,0,0,0,0,313,14,WEDNESDAY,FRIDAY,NA,P10479
1013,1,85,0,0,0,0,0,164,1,FRIDAY,MONDAY,NA,P10480
94905,5573,18,5,5,0,5,5,162,1,THURSDAY,FRIDAY,NA,P10481
176923,4211,51,0,0,0,0,0,0,2,WEDNESDAY,WEDNESDAY,NA,P10482
285320,5510,24,45,45,0,45,45,97,39,WEDNESDAY,WEDNESDAY,NA,P10483
513160,73487,42,3,3,0,3,3,94,63,SUNDAY,MONDAY,NA,P10484
356059,27989,8,61,26,35,59,-9,2,33,FRIDAY,SATURDAY,NA,P10485
4975857,87422,9,387,387,0,387,387,87,1859,WEDNESDAY,WEDNESDAY,NA,P10486
1872,0,16,0,0,0,0,0,0,1,SATURDAY,MONDAY,NA,P10487
9774,2397,16,0,0,0,0,0,13,12,WEDNESDAY,FRIDAY,NA,P10488
640987,84288,1,2,2,0,2,2,52,30,SUNDAY,SUNDAY,NA,P10489
50563,2348,32,1,0,1,1,-1,100,11,WEDNESDAY,THURSDAY,NA,P10490
175201,54849,36,76,13,47,63,-34,130,170,THURSDAY,SATURDAY,NA,P10491
2071999,150355,57,4,4,0,4,4,0,6,TUESDAY,WEDNESDAY,NA,P10492
1975842,140870,9,39,39,0,39,39,123,129,TUESDAY,WEDNESDAY,NA,P10493
413095,19301,24,19,4,15,16,-11,136,20,MONDAY,WEDNESDAY,NA,P10494
4290409,131422,9,75,25,50,74,-25,204,130,FRIDAY,SATURDAY,NA,P10495
123680,1492,32,6,0,4,5,-4,220,3,MONDAY,WEDNESDAY,NA,P10496
3032492,114769,9,0,0,0,0,0,50,2,WEDNESDAY,WEDNESDAY,NA,P10497
155266,2454,60,2,0,0,2,0,91,30,THURSDAY,SATURDAY,NA,P10498
3608,420,18,1,1,0,1,1,1233,2,MONDAY,TUESDAY,NA,P10499
19465,1578,18,26,13,13,24,0,16,2,THURSDAY,FRIDAY,NA,P10500
1975842,140870,9,72,0,9,71,-9,51,194,MONDAY,WEDNESDAY,NA,P10501
9774,2397,16,3,0,0,3,0,28,2,MONDAY,WEDNESDAY,NA,P10502
300536,28053,24,16,16,0,16,16,201,1,SUNDAY,SUNDAY,NA,P10503
1616,18,24,5,0,0,5,0,132,2,WEDNESDAY,FRIDAY,NA,P10504
416948,57260,18,68,68,0,68,68,133,76,WEDNESDAY,THURSDAY,NA,P10505
413095,19301,24,9,2,7,9,-5,11,41,MONDAY,WEDNESDAY,NA,P10506
6887,20,19,2,2,0,2,2,182,1,WEDNESDAY,WEDNESDAY,NA,P10507
82197,3788,14,4,0,1,3,-1,137,13,MONDAY,THURSDAY,NA,P10508
22035,2310,24,0,0,0,0,0,84,1,FRIDAY,SATURDAY,NA,P10509
3544586,227617,9,104,4,36,99,-32,138,218,WEDNESDAY,FRIDAY,NA,P10510
416948,57260,18,19,2,17,18,-15,0,28,SATURDAY,MONDAY,NA,P10511
1833326,2081,14,78,11,67,75,-56,31,124,TUESDAY,WEDNESDAY,NA,P10512
257320,81826,20,362,17,67,307,-50,102,267,TUESDAY,THURSDAY,NA,P10513
25879,1970,36,18,0,0,18,0,0,89,MONDAY,THURSDAY,NA,P10514
663025,5954,24,34,4,30,30,-26,118,4,SUNDAY,TUESDAY,NA,P10515
3432568,36997,9,13,2,11,13,-9,142,19,SUNDAY,TUESDAY,NA,P10516
246883,10884,24,27,1,7,22,-6,0,40,FRIDAY,MONDAY,NA,P10517
56474,2074,36,6,6,0,6,6,211,12,FRIDAY,SATURDAY,NA,P10518
133574,22660,38,49,49,0,49,49,168,1,TUESDAY,WEDNESDAY,NA,P10519
356059,27989,8,161,3,19,144,-16,16,33,WEDNESDAY,SATURDAY,NA,P10520
656085,62122,39,2,2,0,2,2,85,3,WEDNESDAY,THURSDAY,NA,P10521
2078654,84453,9,28,28,0,28,28,114,30,SATURDAY,SUNDAY,NA,P10522
212300,1153,24,3,3,0,3,3,78,27,MONDAY,TUESDAY,NA,P10523
313452,86759,8,165,38,127,148,-89,134,66,FRIDAY,SATURDAY,NA,P10524
646,3,17,0,0,0,0,0,0,1,WEDNESDAY,THURSDAY,NA,P10525
2239009,87722,9,77,0,0,77,0,69,24,SUNDAY,WEDNESDAY,NA,P10526
83580,6366,20,20,20,0,20,20,102,21,TUESDAY,WEDNESDAY,NA,P10527
410245,27432,24,69,25,44,66,-19,15,11,FRIDAY,SUNDAY,NA,P10528
668834,42523,9,65,65,0,65,65,113,131,WEDNESDAY,THURSDAY,NA,P10529
23223,121,36,2,2,0,2,2,0,18,MONDAY,TUESDAY,NA,P10530
579587,33116,18,11,11,0,11,11,221,23,SATURDAY,SUNDAY,NA,P10531
965964,11631,9,14,0,0,14,0,183,49,FRIDAY,SUNDAY,NA,P10532
672411,14221,9,38,6,32,33,-26,154,63,SUNDAY,TUESDAY,NA,P10533
640987,84288,1,4,1,3,4,-2,75,64,MONDAY,WEDNESDAY,NA,P10534
1181430,2307,17,2,0,0,2,0,0,1,FRIDAY,MONDAY,NA,P10535
642243,12330,24,74,1,4,71,-3,42,3,TUESDAY,THURSDAY,NA,P10536
12293,3015,32,0,0,0,0,0,43,1,SATURDAY,TUESDAY,NA,P10537
99033,1053,32,3,3,0,3,3,0,15,FRIDAY,FRIDAY,NA,P10538
2470711,271475,9,20,10,10,20,0,427,46,THURSDAY,SATURDAY,NA,P10539
1209904,106641,24,163,8,67,149,-59,242,34,FRIDAY,SUNDAY,NA,P10540
89879,1257,14,1,1,0,1,1,142,2,TUESDAY,WEDNESDAY,NA,P10541
420838,606,39,5,5,0,5,5,29,40,WEDNESDAY,THURSDAY,NA,P10542
6141231,290050,36,150,150,0,150,150,60,338,TUESDAY,WEDNESDAY,NA,P10543
4913787,158828,9,288,137,151,280,-14,118,1143,TUESDAY,WEDNESDAY,NA,P10544
358398,8153,18,39,3,36,36,-33,149,2,WEDNESDAY,FRIDAY,NA,P10545
2001197,1053,2,10,0,2,9,-2,199,3,TUESDAY,THURSDAY,NA,P10546
209979,185,46,0,0,0,0,0,0,53,TUESDAY,TUESDAY,NA,P10547
20131,27,24,0,0,0,0,0,115,2,FRIDAY,MONDAY,NA,P10548
1548753,59597,9,26,0,5,25,-5,95,28,MONDAY,WEDNESDAY,NA,P10549
454393,66403,96,1,0,0,1,0,0,1,TUESDAY,FRIDAY,NA,P10550
3002026,77240,9,34,34,0,34,34,0,19,WEDNESDAY,WEDNESDAY,NA,P10551
33326385,27408,47,93,9,37,83,-28,122,91,SATURDAY,MONDAY,NA,P10552
297702,488,55,0,0,0,0,0,26,1,TUESDAY,THURSDAY,NA,P10553
1103,3,16,2,1,1,2,0,16,3,SATURDAY,MONDAY,NA,P10554
4024,0,16,2,0,0,2,0,16,1,SATURDAY,MONDAY,NA,P10555
640987,84288,1,16,0,3,15,-3,76,91,FRIDAY,MONDAY,NA,P10556
274207,100435,18,464,136,328,431,-192,8,59,SATURDAY,MONDAY,NA,P10557
2078654,84453,9,101,44,57,96,-13,755,56,TUESDAY,WEDNESDAY,NA,P10558
615014,3398,18,17,0,17,17,-17,31,1,SUNDAY,TUESDAY,NA,P10559
94905,5573,18,19,19,0,19,19,169,1,WEDNESDAY,THURSDAY,NA,P10560
55275,1834,13,1,0,0,1,0,360,2,TUESDAY,FRIDAY,NA,P10561
155266,2454,60,6,1,5,5,-4,71,38,MONDAY,WEDNESDAY,NA,P10562
1340759,49392,9,21,0,1,20,-1,121,27,FRIDAY,MONDAY,NA,P10563
2071999,150355,57,8,8,0,8,8,95,5,WEDNESDAY,WEDNESDAY,NA,P10564
2516731,20529,21,47,47,0,47,47,33,3,SATURDAY,SATURDAY,NA,P10565
2239009,87722,9,49,25,24,49,1,141,44,THURSDAY,SATURDAY,NA,P10566
55157,2727,35,0,0,0,0,0,14,1,SUNDAY,TUESDAY,NA,P10567
21292,525,32,0,0,0,0,0,63,1,THURSDAY,SATURDAY,NA,P10568
1720897,10096,46,12,12,0,12,12,229,22,TUESDAY,WEDNESDAY,NA,P10569
416948,57260,18,46,20,26,42,-6,65,29,SUNDAY,MONDAY,NA,P10570
25879,1970,36,13,1,3,11,-2,99,24,SATURDAY,TUESDAY,NA,P10571
131134,53586,66,66,1,14,64,-13,10,5,THURSDAY,SATURDAY,NA,P10572
683375,16319,31,3,0,3,3,-3,110,32,TUESDAY,WEDNESDAY,NA,P10573
35879,914,27,0,0,0,0,0,80,1,WEDNESDAY,SATURDAY,NA,P10574
810,4,67,1,0,0,1,0,0,1,SATURDAY,TUESDAY,NA,P10575
27279,125,18,6,0,1,6,-1,281,2,TUESDAY,FRIDAY,NA,P10576
11782829,11421,14,42,18,24,39,-6,69,223,MONDAY,TUESDAY,NA,P10577
4290409,131422,9,149,1,11,145,-10,115,12,SUNDAY,WEDNESDAY,NA,P10578
101655,33,8,7,0,1,7,-1,59,11,SATURDAY,MONDAY,NA,P10579
400487,57833,13,4,0,0,4,0,157,1,MONDAY,THURSDAY,NA,P10580
3280313,39324,14,136,136,0,136,136,361,400,SUNDAY,MONDAY,NA,P10581
175201,54849,36,136,31,105,133,-74,1593,83,MONDAY,WEDNESDAY,NA,P10582
27147,2260,28,5,0,5,5,-5,253,14,SATURDAY,MONDAY,NA,P10583
1204214,6418,1,3,0,0,3,0,49,66,MONDAY,THURSDAY,NA,P10584
1155,17,22,0,0,0,0,0,22,3,THURSDAY,FRIDAY,NA,P10585
30366,2,17,0,0,0,0,0,184,1,FRIDAY,SATURDAY,NA,P10586
2470711,271475,9,126,74,52,125,22,197,166,WEDNESDAY,FRIDAY,NA,P10587
4913787,158828,9,174,108,66,174,42,142,1087,SATURDAY,SUNDAY,NA,P10588
88853,3169,2,18,9,9,18,0,19,12,SUNDAY,MONDAY,NA,P10589
4072194,161174,9,39,2,7,37,-5,189,47,FRIDAY,MONDAY,NA,P10590
8044,104,101,0,0,0,0,0,166,1,WEDNESDAY,WEDNESDAY,NA,P10591
433536,11192,24,41,41,0,41,41,107,1,TUESDAY,WEDNESDAY,NA,P10592
142636,19782,9,0,0,0,0,0,98,1,MONDAY,MONDAY,NA,P10593
2411555,61797,9,216,29,187,208,-158,161,886,TUESDAY,THURSDAY,NA,P10594
358398,8153,18,102,15,87,96,-72,109,19,TUESDAY,WEDNESDAY,NA,P10595
92347,4867,24,13,13,0,13,13,85,26,FRIDAY,SATURDAY,NA,P10596
142636,19782,9,102,38,64,94,-26,69,1,SUNDAY,TUESDAY,NA,P10597
668834,42523,9,47,3,44,46,-41,186,110,SATURDAY,SUNDAY,NA,P10598
1548753,59597,9,129,15,114,121,-99,157,538,TUESDAY,WEDNESDAY,NA,P10599
791,0,18,2,0,0,2,0,102,1,THURSDAY,SUNDAY,NA,P10600
12996,58,68,3,3,0,3,3,147,2,THURSDAY,THURSDAY,NA,P10601
1057645,119644,24,354,66,288,323,-222,0,50,WEDNESDAY,THURSDAY,NA,P10602
1715845,319402,2,326,20,50,278,-30,0,209,FRIDAY,MONDAY,NA,P10603
8035,69,32,1,0,1,1,-1,0,1,TUESDAY,THURSDAY,NA,P10604
2688,58,27,0,0,0,0,0,792,1,WEDNESDAY,THURSDAY,NA,P10605
1959278,12641,18,22,22,0,22,22,80,3,FRIDAY,FRIDAY,NA,P10606
18481,3,8,4,0,4,4,-4,102,1,SUNDAY,TUESDAY,NA,P10607
1872,0,16,0,0,0,0,0,27,1,TUESDAY,FRIDAY,NA,P10608
865437,23219,24,12,12,0,12,12,132,2,SATURDAY,SATURDAY,NA,P10609
155266,2454,60,0,0,0,0,0,21,3,TUESDAY,FRIDAY,NA,P10610
1552629,64641,9,28,7,21,26,-14,761,48,FRIDAY,SATURDAY,NA,P10611
257320,81826,20,171,171,0,171,171,83,35,SUNDAY,SUNDAY,NA,P10612
3280313,39324,14,231,68,163,216,-95,472,1195,THURSDAY,SATURDAY,NA,P10613
513160,73487,42,7,7,0,7,7,0,54,THURSDAY,THURSDAY,NA,P10614
253349,1888,44,1,1,0,1,1,120,1,FRIDAY,FRIDAY,NA,P10615
32745,770,32,1,1,0,1,1,351,3,TUESDAY,WEDNESDAY,NA,P10616
329587,11271,4,3,0,0,3,0,301,28,THURSDAY,SUNDAY,NA,P10617
4290409,131422,9,54,3,51,52,-48,219,18,WEDNESDAY,FRIDAY,NA,P10618
891159,106158,9,9,9,0,9,9,1925,4,THURSDAY,THURSDAY,NA,P10619
454393,66403,96,3,0,2,2,-2,13,13,SUNDAY,WEDNESDAY,NA,P10620
634995,463,1,2,2,0,2,2,34,2,MONDAY,TUESDAY,NA,P10621
2549867,177095,9,24,2,22,22,-20,145,44,FRIDAY,SUNDAY,NA,P10622
149139,145,14,0,0,0,0,0,49,11,FRIDAY,SATURDAY,NA,P10623
4526533,111134,9,55,0,8,52,-8,78,16,THURSDAY,SATURDAY,NA,P10624
228007,24,16,0,0,0,0,0,684,2,SUNDAY,MONDAY,NA,P10625
4300072,293563,18,82,82,0,82,82,16,117,FRIDAY,SATURDAY,NA,P10626
5365996,102442,9,0,0,0,0,0,153,5,MONDAY,MONDAY,NA,P10627
4072,601,24,1,0,1,1,-1,109,1,FRIDAY,SUNDAY,NA,P10628
4488,124,40,7,0,0,7,0,382,15,THURSDAY,SUNDAY,NA,P10629
413095,19301,24,31,6,25,29,-19,57,89,SATURDAY,SUNDAY,NA,P10630
3002026,77240,9,45,11,34,43,-23,76,275,SATURDAY,SUNDAY,NA,P10631
99033,1053,32,1,1,0,1,1,118,2,TUESDAY,WEDNESDAY,NA,P10632
36734,4,14,0,0,0,0,0,167,2,SATURDAY,TUESDAY,NA,P10633
1975842,140870,9,1005,1005,0,1005,1005,193,86,THURSDAY,FRIDAY,NA,P10634
8471,5,30,0,0,0,0,0,27,2,TUESDAY,THURSDAY,NA,P10635
32745,770,32,0,0,0,0,0,198,5,WEDNESDAY,THURSDAY,NA,P10636
186866,6605,18,15,1,14,14,-13,57,2,SATURDAY,MONDAY,NA,P10637
50563,2348,32,0,0,0,0,0,538,3,SATURDAY,SUNDAY,NA,P10638
356059,27989,8,49,4,8,42,-4,7,3,SUNDAY,WEDNESDAY,NA,P10639
3280313,39324,14,178,178,0,178,178,104,496,SUNDAY,MONDAY,NA,P10640
630968,123675,4,529,529,0,529,529,115,8006,SUNDAY,MONDAY,NA,P10641
572325,27248,24,3,1,0,2,1,0,1,MONDAY,THURSDAY,NA,P10642
3995273,297147,4,312,19,66,276,-47,11,122,THURSDAY,SUNDAY,NA,P10643
55157,2727,35,0,0,0,0,0,0,4,THURSDAY,THURSDAY,NA,P10644
81756,2947,36,13,0,11,12,-11,606,45,WEDNESDAY,FRIDAY,NA,P10645
19778,159,20,0,0,0,0,0,91,1,WEDNESDAY,WEDNESDAY,NA,P10646
5365996,102442,9,21,6,15,21,-9,112,1,MONDAY,TUESDAY,NA,P10647
17905,43,49,8,1,5,7,-4,60,70,FRIDAY,SUNDAY,NA,P10648
165002,25302,36,14,14,0,14,14,22,1268,TUESDAY,TUESDAY,NA,P10649
3337470,11736,40,0,0,0,0,0,264,22,SATURDAY,SATURDAY,NA,P10650
1720897,10096,46,4,1,3,4,-2,6,1,FRIDAY,SUNDAY,NA,P10651
269481,4381,38,1,1,0,0,1,0,16,THURSDAY,SATURDAY,NA,P10652
5480,1,24,0,0,0,0,0,143,11,SUNDAY,TUESDAY,NA,P10653
9774,2397,16,1,1,0,1,1,0,1,SATURDAY,SUNDAY,NA,P10654
1715845,319402,2,148,5,19,140,-14,52,19,TUESDAY,THURSDAY,NA,P10655
27147,2260,28,1,0,0,1,0,543,4,SATURDAY,MONDAY,NA,P10656
4716837,490422,5,17,17,0,17,17,102,312,FRIDAY,FRIDAY,NA,P10657
3002026,77240,9,515,6,73,453,-67,138,565,SUNDAY,WEDNESDAY,NA,P10658
3150,5,80,2,2,0,2,2,12,3,WEDNESDAY,WEDNESDAY,NA,P10659
1422427,35610,9,44,44,0,44,44,0,36,TUESDAY,WEDNESDAY,NA,P10660
34008,11863,18,22,0,3,20,-3,40,4,WEDNESDAY,SATURDAY,NA,P10661
316982,61205,42,63,12,51,54,-39,145,2,FRIDAY,SUNDAY,NA,P10662
18309696,156518,21,0,0,0,0,0,9,1,MONDAY,WEDNESDAY,NA,P10663
1501889,33752,14,2,0,2,2,-2,255,2,SUNDAY,TUESDAY,NA,P10664
416948,57260,18,50,0,50,50,-50,345,146,SUNDAY,TUESDAY,NA,P10665
9897655,17003,14,30,30,0,30,30,0,135,MONDAY,MONDAY,NA,P10666
12293,3015,32,0,0,0,0,0,28,2,FRIDAY,MONDAY,NA,P10667
269481,4381,38,1,1,0,0,1,0,18,THURSDAY,FRIDAY,NA,P10668
32745,770,32,0,0,0,0,0,219,4,WEDNESDAY,THURSDAY,NA,P10669
50469,2456,32,0,0,0,0,0,0,1,MONDAY,THURSDAY,NA,P10670
1060457,68146,9,0,0,0,0,0,0,2,FRIDAY,MONDAY,NA,P10671
86582,175,4,0,0,0,0,0,0,3,MONDAY,TUESDAY,NA,P10672
879585,49540,9,36,5,31,36,-26,76,137,SUNDAY,TUESDAY,NA,P10673
358398,8153,18,17,0,9,17,-9,165,2,SATURDAY,MONDAY,NA,P10674
2078654,84453,9,39,15,24,37,-9,86,93,TUESDAY,WEDNESDAY,NA,P10675
3739454,29943,9,48,7,41,45,-34,182,45,WEDNESDAY,THURSDAY,NA,P10676
6141231,290050,36,174,0,17,158,-17,169,400,FRIDAY,MONDAY,NA,P10677
13517,34,18,6,2,2,4,0,0,1,WEDNESDAY,FRIDAY,NA,P10678
4913787,158828,9,69,1,7,65,-6,120,176,TUESDAY,FRIDAY,NA,P10679
2078654,84453,9,31,1,16,28,-15,86,83,MONDAY,WEDNESDAY,NA,P10680
192885,2647,24,61,61,0,61,61,18,91,THURSDAY,THURSDAY,NA,P10681
17905,43,49,1,1,0,1,1,16,1,TUESDAY,TUESDAY,NA,P10682
684014,72208,9,17,17,0,17,17,83,22,SUNDAY,SUNDAY,NA,P10683
10145,15,19,0,0,0,0,0,75,2,WEDNESDAY,SATURDAY,NA,P10684
29392,597,91,0,0,0,0,0,492,2,THURSDAY,SATURDAY,NA,P10685
3739454,29943,9,5,0,5,5,-5,98,14,TUESDAY,WEDNESDAY,NA,P10686
1386080,1798,14,767,18,285,746,-267,29,1330,THURSDAY,SATURDAY,NA,P10687
8580,589,44,0,0,0,0,0,149,1,WEDNESDAY,SATURDAY,NA,P10688
1457476,3961,10,2,0,2,2,-2,54,13,SUNDAY,TUESDAY,NA,P10689
36734,4,14,0,0,0,0,0,299,1,THURSDAY,THURSDAY,NA,P10690
55520,13,26,0,0,0,0,0,50,2,WEDNESDAY,FRIDAY,NA,P10691
57889,10836,18,0,0,0,0,0,102,3,MONDAY,MONDAY,NA,P10692
23985,2773,36,31,31,0,31,31,29,13,SUNDAY,MONDAY,NA,P10693
101655,33,8,1,1,0,1,1,117,1,FRIDAY,SUNDAY,NA,P10694
3337470,11736,40,7,3,4,6,-1,117,400,TUESDAY,THURSDAY,NA,P10695
19778,159,20,0,0,0,0,0,47,1,SATURDAY,MONDAY,NA,P10696
5200467,123640,9,160,19,46,129,-27,169,466,TUESDAY,FRIDAY,NA,P10697
99033,1053,32,6,0,6,6,-6,554,12,FRIDAY,SATURDAY,NA,P10698
36734,4,14,13,0,0,13,0,429,13,SUNDAY,WEDNESDAY,NA,P10699
2516731,20529,21,1,1,0,0,1,73,16,SUNDAY,WEDNESDAY,NA,P10700
8044,104,101,0,0,0,0,0,159,1,SATURDAY,TUESDAY,NA,P10701
653756,44589,24,43,1,6,40,-5,25,73,SUNDAY,WEDNESDAY,NA,P10702
209979,185,46,0,0,0,0,0,0,34,WEDNESDAY,FRIDAY,NA,P10703
92347,4867,24,8,3,5,8,-2,104,4,SUNDAY,TUESDAY,NA,P10704
3150,5,80,0,0,0,0,0,120,1,MONDAY,THURSDAY,NA,P10705
209071,444,55,0,0,0,0,0,165,4,THURSDAY,SATURDAY,NA,P10706
100625,1280,105,6,0,6,6,-6,15,2,THURSDAY,SATURDAY,NA,P10707
6141231,290050,36,150,150,0,150,150,211,804,SATURDAY,SATURDAY,NA,P10708
5503253,22681,14,1112,292,820,1019,-528,88,1010,TUESDAY,THURSDAY,NA,P10709
206412,1464,18,9,9,0,9,9,72,1,TUESDAY,TUESDAY,NA,P10710
634995,463,1,0,0,0,0,0,57,3,WEDNESDAY,THURSDAY,NA,P10711
1155,17,22,0,0,0,0,0,45,2,THURSDAY,SATURDAY,NA,P10712
83215,12259,18,20,2,18,20,-16,57,56,SATURDAY,MONDAY,NA,P10713
865437,23219,24,127,0,10,123,-10,123,2,SATURDAY,TUESDAY,NA,P10714
2046147,123685,9,123,9,50,111,-41,416,51,MONDAY,WEDNESDAY,NA,P10715
634995,463,1,1,0,0,1,0,65,2,TUESDAY,FRIDAY,NA,P10716
57916,4150,80,5,0,3,4,-3,6,30,WEDNESDAY,SATURDAY,NA,P10717
44314,6358,8,14,9,5,14,4,43,1,FRIDAY,SATURDAY,NA,P10718
410245,27432,24,171,171,0,171,171,50,27,SATURDAY,SATURDAY,NA,P10719
4072194,161174,9,69,69,0,69,69,43,194,MONDAY,TUESDAY,NA,P10720
572325,27248,24,3,0,1,2,-1,103,33,SUNDAY,WEDNESDAY,NA,P10721
684014,72208,9,30,1,29,30,-28,36,4,THURSDAY,SATURDAY,NA,P10722
17905,43,49,0,0,0,0,0,38,1,WEDNESDAY,THURSDAY,NA,P10723
640987,84288,1,12,12,0,12,12,58,50,SATURDAY,SUNDAY,NA,P10724
83215,12259,18,13,0,9,13,-9,82,1,FRIDAY,SUNDAY,NA,P10725
343688,13610,24,36,4,32,32,-28,184,6,SUNDAY,TUESDAY,NA,P10726
287698,4752,24,8,8,0,8,8,74,1,WEDNESDAY,WEDNESDAY,NA,P10727
20056,597,30,0,0,0,0,0,0,1,THURSDAY,FRIDAY,NA,P10728
165002,25302,36,14,1,13,14,-12,22,71,SATURDAY,SUNDAY,NA,P10729
684014,72208,9,174,4,25,168,-21,458,30,TUESDAY,THURSDAY,NA,P10730
23223,121,36,9,1,8,8,-7,25,130,FRIDAY,SUNDAY,NA,P10731
157959,175,18,13,13,0,13,13,0,3,WEDNESDAY,THURSDAY,NA,P10732
212300,1153,24,0,0,0,0,0,78,3,MONDAY,MONDAY,NA,P10733
2027759,30065,8,110,44,66,100,-22,0,524,THURSDAY,FRIDAY,NA,P10734
240,1,1,0,0,0,0,0,130,15,SATURDAY,MONDAY,NA,P10735
98168,1843,36,14,14,0,14,14,112,69,FRIDAY,SATURDAY,NA,P10736
672411,14221,9,8,8,0,8,8,0,13,MONDAY,TUESDAY,NA,P10737
1810381,173143,42,275,275,0,275,275,127,283,WEDNESDAY,WEDNESDAY,NA,P10738
10590,203,38,4,0,3,4,-3,88,6,MONDAY,WEDNESDAY,NA,P10739
39611,612,32,0,0,0,0,0,501,1,WEDNESDAY,FRIDAY,NA,P10740
16146,1994,36,3,3,0,3,3,84,33,MONDAY,TUESDAY,NA,P10741
4072194,161174,9,182,57,125,178,-68,463,340,THURSDAY,FRIDAY,NA,P10742
309914,5432,26,2,2,0,2,2,377,107,TUESDAY,WEDNESDAY,NA,P10743
2549867,177095,9,768,252,516,757,-264,114,5109,SUNDAY,MONDAY,NA,P10744
7956229,137673,9,0,0,0,0,0,23,1,SATURDAY,MONDAY,NA,P10745
3316706,9114,35,2,2,0,2,2,155,93,TUESDAY,TUESDAY,NA,P10746
98168,1843,36,27,1,8,24,-7,0,82,THURSDAY,SATURDAY,NA,P10747
17490232,41904,22,73,3,14,64,-11,162,366,WEDNESDAY,SATURDAY,NA,P10748
2961175,39257,9,18,18,0,18,18,264,62,MONDAY,TUESDAY,NA,P10749
25599,1835,32,0,0,0,0,0,43,2,THURSDAY,THURSDAY,NA,P10750
13742,66,17,10,10,0,10,10,68,2,MONDAY,TUESDAY,NA,P10751
579587,33116,18,12,6,6,10,0,154,3,THURSDAY,FRIDAY,NA,P10752
17905,43,49,0,0,0,0,0,57,218,WEDNESDAY,SATURDAY,NA,P10753
4290409,131422,9,18,2,16,17,-14,432,11,THURSDAY,FRIDAY,NA,P10754
518876,51411,24,14,14,0,14,14,95,18,FRIDAY,FRIDAY,NA,P10755
623667,2666,26,2,2,0,2,2,139,18,THURSDAY,FRIDAY,NA,P10756
14691,4072,16,6,6,0,6,6,308,4,MONDAY,TUESDAY,NA,P10757
672411,14221,9,14,0,1,13,-1,126,16,FRIDAY,MONDAY,NA,P10758
12802,31,29,0,0,0,0,0,0,15,SUNDAY,SUNDAY,NA,P10759
1302,16,8,4,0,0,4,0,28,1,SATURDAY,MONDAY,NA,P10760
633796,954,9,25,1,2,24,-1,253,2,SATURDAY,TUESDAY,NA,P10761
692498,218565,25,0,0,0,0,0,52,1,TUESDAY,TUESDAY,NA,P10762
433536,11192,24,18,0,2,18,-2,114,18,SATURDAY,MONDAY,NA,P10763
30366,2,17,0,0,0,0,0,111,1,THURSDAY,SATURDAY,NA,P10764
3032492,114769,9,20,20,0,20,20,134,93,SUNDAY,MONDAY,NA,P10765
109149,14041,24,66,66,0,66,66,177,1,SUNDAY,MONDAY,NA,P10766
358398,8153,18,78,78,0,78,78,135,11,WEDNESDAY,THURSDAY,NA,P10767
1433518,101466,9,53,53,0,53,53,225,59,FRIDAY,SATURDAY,NA,P10768
25599,1835,32,1,1,0,1,1,0,1,FRIDAY,SATURDAY,NA,P10769
2736,277,54,1,0,0,1,0,0,1,WEDNESDAY,FRIDAY,NA,P10770
4072194,161174,9,19,0,19,19,-19,340,11,MONDAY,WEDNESDAY,NA,P10771
3544586,227617,9,226,1,8,217,-7,60,241,TUESDAY,FRIDAY,NA,P10772
879585,49540,9,54,2,1,52,1,121,43,SUNDAY,WEDNESDAY,NA,P10773
54305,4830,67,2,2,0,2,2,0,131,FRIDAY,SATURDAY,NA,P10774
3280313,39324,14,449,50,399,411,-349,202,738,WEDNESDAY,FRIDAY,NA,P10775
2239009,87722,9,72,7,65,68,-58,130,141,MONDAY,WEDNESDAY,NA,P10776
13742,66,17,0,0,0,0,0,134,1,SUNDAY,MONDAY,NA,P10777
1204214,6418,1,0,0,0,0,0,2,1,WEDNESDAY,WEDNESDAY,NA,P10778
283552,108776,8,396,396,0,396,396,12,77,SATURDAY,SATURDAY,NA,P10779
858,0,16,0,0,0,0,0,90,1,WEDNESDAY,FRIDAY,NA,P10780
7461335,218090,9,540,540,0,540,540,692,2030,SATURDAY,SATURDAY,NA,P10781
633796,954,9,19,0,9,19,-9,326,1,WEDNESDAY,FRIDAY,NA,P10782
5969979,64734,4,44,6,38,42,-32,116,64,MONDAY,WEDNESDAY,NA,P10783
16146,1994,36,11,5,6,6,-1,51,28,SUNDAY,TUESDAY,NA,P10784
2078654,84453,9,61,7,54,57,-47,456,75,THURSDAY,SATURDAY,NA,P10785
105937,835,8,11,1,10,11,-9,45,1,SATURDAY,MONDAY,NA,P10786
44314,6358,8,9,9,0,9,9,86,1,THURSDAY,FRIDAY,NA,P10787
228007,24,16,4,0,4,4,-4,416,3,THURSDAY,SATURDAY,NA,P10788
3319,1,17,0,0,0,0,0,167,2,WEDNESDAY,FRIDAY,NA,P10789
4716837,490422,5,604,49,555,588,-506,76,2970,TUESDAY,WEDNESDAY,NA,P10790
274207,100435,18,51,51,0,51,51,61,3,TUESDAY,WEDNESDAY,NA,P10791
115669,745,1,0,0,0,0,0,72,34,WEDNESDAY,SATURDAY,NA,P10792
57889,10836,18,100,4,14,85,-10,60,4,THURSDAY,SUNDAY,NA,P10793
274207,100435,18,55,55,0,55,55,91,1,SATURDAY,SATURDAY,NA,P10794
27147,2260,28,0,0,0,0,0,115,18,MONDAY,TUESDAY,NA,P10795
6379081,54297,24,39,39,0,39,39,243,42,FRIDAY,FRIDAY,NA,P10796
3739454,29943,9,12,12,0,12,12,0,1,WEDNESDAY,WEDNESDAY,NA,P10797
420838,606,39,18,0,4,15,-4,0,34,FRIDAY,MONDAY,NA,P10798
5077,449,27,2,2,0,2,2,0,2,THURSDAY,FRIDAY,NA,P10799
41320,90,27,0,0,0,0,0,59,1,SATURDAY,MONDAY,NA,P10800
879585,49540,9,151,0,6,145,-6,136,622,SUNDAY,WEDNESDAY,NA,P10801
367390,2678,100,8,8,0,8,8,420,53,TUESDAY,WEDNESDAY,NA,P10802
640987,84288,1,5,4,1,5,3,71,28,MONDAY,TUESDAY,NA,P10803
123680,1492,32,1,0,0,1,0,216,1,SATURDAY,TUESDAY,NA,P10804
812001,95068,24,241,241,0,241,241,171,26,MONDAY,TUESDAY,NA,P10805
5365996,102442,9,36,3,7,31,-4,137,32,THURSDAY,SUNDAY,NA,P10806
478,1,16,0,0,0,0,0,151,1,MONDAY,TUESDAY,NA,P10807
4290409,131422,9,16,5,11,13,-6,171,1,SATURDAY,SUNDAY,NA,P10808
996915,86122,24,223,64,159,218,-95,59,3,THURSDAY,SATURDAY,NA,P10809
965964,11631,9,64,64,0,64,64,118,33,THURSDAY,THURSDAY,NA,P10810
668834,42523,9,131,0,10,129,-10,138,701,MONDAY,WEDNESDAY,NA,P10811
31178,41,27,0,0,0,0,0,1407,2,FRIDAY,SUNDAY,NA,P10812
4716837,490422,5,9,3,6,9,-3,0,125,THURSDAY,SATURDAY,NA,P10813
212881,25,16,138,4,36,133,-32,207,109,WEDNESDAY,SATURDAY,NA,P10814
338997,128,16,6,3,3,6,0,7,15,MONDAY,TUESDAY,NA,P10815
10590,203,38,0,0,0,0,0,175,1,WEDNESDAY,FRIDAY,NA,P10816
668834,42523,9,49,0,15,48,-15,148,81,THURSDAY,SATURDAY,NA,P10817
633016,168920,18,46,21,25,41,-4,48,1,THURSDAY,FRIDAY,NA,P10818
1341299,64467,8,99,5,14,83,-9,30,55,SUNDAY,WEDNESDAY,NA,P10819
104597,317,36,99,43,56,98,-13,0,313,FRIDAY,SUNDAY,NA,P10820
4609,3,14,0,0,0,0,0,0,1,MONDAY,WEDNESDAY,NA,P10821
472162,29283,24,20,20,0,20,20,79,33,MONDAY,MONDAY,NA,P10822
57411,1485,87,0,0,0,0,0,172,3,FRIDAY,FRIDAY,NA,P10823
212300,1153,24,3,2,1,2,1,42,6,SUNDAY,MONDAY,NA,P10824
1548,581,16,32,2,5,28,-3,114,2,WEDNESDAY,SATURDAY,NA,P10825
155266,2454,60,0,0,0,0,0,0,4,THURSDAY,FRIDAY,NA,P10826
80765,8973,13,17,17,0,17,17,114,6,WEDNESDAY,THURSDAY,NA,P10827
3608,420,18,0,0,0,0,0,791,2,FRIDAY,MONDAY,NA,P10828
20131,27,24,1,1,0,1,1,127,2,THURSDAY,THURSDAY,NA,P10829
236881,36034,40,82,16,66,76,-50,44,63,SATURDAY,SUNDAY,NA,P10830
34008,11863,18,0,0,0,0,0,110,1,TUESDAY,FRIDAY,NA,P10831
2035731,6523,14,183,9,37,170,-28,0,155,SATURDAY,MONDAY,NA,P10832
468063,137,77,14,1,3,10,-2,46,2,FRIDAY,MONDAY,NA,P10833
1259,0,2,10,0,0,10,0,224,2,MONDAY,WEDNESDAY,NA,P10834
4716837,490422,5,20,9,11,20,-2,108,18,FRIDAY,SATURDAY,NA,P10835
3032492,114769,9,3,3,0,3,3,36,7,TUESDAY,WEDNESDAY,NA,P10836
104037,30,14,23,23,0,23,23,0,21,SATURDAY,SUNDAY,NA,P10837
138542,1687,18,8,0,1,8,-1,179,1,MONDAY,WEDNESDAY,NA,P10838
94905,5573,18,8,1,7,8,-6,99,1,TUESDAY,THURSDAY,NA,P10839
413095,19301,24,11,6,5,6,1,174,44,FRIDAY,SUNDAY,NA,P10840
2078654,84453,9,110,19,91,100,-72,472,530,TUESDAY,WEDNESDAY,NA,P10841
8044,104,101,2,2,0,2,2,156,12,TUESDAY,TUESDAY,NA,P10842
623667,2666,26,0,0,0,0,0,76,1,THURSDAY,FRIDAY,NA,P10843
5111,106,24,1,0,1,1,-1,89,2,MONDAY,TUESDAY,NA,P10844
4975857,87422,9,2211,921,1290,2184,-369,67,1665,WEDNESDAY,FRIDAY,NA,P10845
25879,1970,36,19,19,0,19,19,0,80,THURSDAY,THURSDAY,NA,P10846
1720897,10096,46,120,6,114,115,-108,167,2,FRIDAY,SATURDAY,NA,P10847
309914,5432,26,4,1,2,3,-1,368,143,FRIDAY,SUNDAY,NA,P10848
798622,34668,5,37,37,0,37,37,156,2,THURSDAY,FRIDAY,NA,P10849
50469,2456,32,5,0,5,5,-5,166,2,SATURDAY,MONDAY,NA,P10850
11670473,145114,1,6,2,4,6,-2,192,16,FRIDAY,SUNDAY,NA,P10851
1812050,3765,14,102,2,36,89,-34,91,220,FRIDAY,SUNDAY,NA,P10852
2046147,123685,9,37,37,0,37,37,102,39,SATURDAY,SUNDAY,NA,P10853
4300072,293563,18,131,131,0,131,131,64,114,TUESDAY,WEDNESDAY,NA,P10854
579587,33116,18,21,7,14,21,-7,241,12,SUNDAY,MONDAY,NA,P10855
99033,1053,32,12,0,12,12,-12,0,23,WEDNESDAY,FRIDAY,NA,P10856
209979,185,46,2,0,2,2,-2,0,90,FRIDAY,SUNDAY,NA,P10857
3002026,77240,9,27,1,4,22,-3,51,173,TUESDAY,FRIDAY,NA,P10858
213787,1058,14,20,0,10,20,-10,52,24,TUESDAY,FRIDAY,NA,P10859
24410,698,28,8,1,5,7,-4,639,2,FRIDAY,SUNDAY,NA,P10860
4488,124,40,0,0,0,0,0,431,4,WEDNESDAY,FRIDAY,NA,P10861
24410,698,28,14,14,0,14,14,166,1,SUNDAY,SUNDAY,NA,P10862
4072194,161174,9,46,30,16,45,14,130,85,WEDNESDAY,FRIDAY,NA,P10863
115669,745,1,1,0,0,1,0,19,3,SATURDAY,TUESDAY,NA,P10864
321135,1651,16,10,0,0,10,0,76,43,FRIDAY,MONDAY,NA,P10865
25879,1970,36,6,0,3,6,-3,0,29,SATURDAY,TUESDAY,NA,P10866
25879,1970,36,13,0,3,10,-3,99,55,WEDNESDAY,SATURDAY,NA,P10867
1386080,1798,14,43,0,10,41,-10,72,95,MONDAY,THURSDAY,NA,P10868
326835,92354,18,140,140,0,140,140,49,64,MONDAY,MONDAY,NA,P10869
17942,264,16,0,0,0,0,0,17,1,TUESDAY,FRIDAY,NA,P10870
309914,5432,26,2,2,0,2,2,351,24,WEDNESDAY,THURSDAY,NA,P10871
513160,73487,42,88,88,0,88,88,1175,372,TUESDAY,WEDNESDAY,NA,P10872
253349,1888,44,2,2,0,2,2,58,1,MONDAY,TUESDAY,NA,P10873
32319,406,32,1,0,1,0,-1,253,37,MONDAY,THURSDAY,NA,P10874
6141231,290050,36,25,25,0,25,25,86,238,THURSDAY,THURSDAY,NA,P10875
236881,36034,40,24,24,0,24,24,52,50,SUNDAY,SUNDAY,NA,P10876
209979,185,46,0,0,0,0,0,0,2,SATURDAY,SUNDAY,NA,P10877
89879,1257,14,7,3,4,7,-1,91,62,TUESDAY,WEDNESDAY,NA,P10878
11384,226,2,14,14,0,14,14,189,6,SATURDAY,SATURDAY,NA,P10879
9774,2397,16,5,0,1,4,-1,16,1,TUESDAY,FRIDAY,NA,P10880
113415,106,47,1,0,0,1,0,56,1,SATURDAY,TUESDAY,NA,P10881
1340759,49392,9,12,0,12,12,-12,288,2,SUNDAY,MONDAY,NA,P10882
15064,0,5,1,0,1,1,-1,4,1,FRIDAY,SATURDAY,NA,P10883
155048,34292,18,26,26,0,26,26,67,7,TUESDAY,WEDNESDAY,NA,P10884
98168,1843,36,27,1,5,23,-4,76,2,THURSDAY,SUNDAY,NA,P10885
6739,0,16,0,0,0,0,0,51,1,SATURDAY,MONDAY,NA,P10886
8070687,278406,9,198,10,188,189,-178,74,605,WEDNESDAY,FRIDAY,NA,P10887
15064,0,5,0,0,0,0,0,47,21,THURSDAY,THURSDAY,NA,P10888
23253,4595,8,7,7,0,7,7,684,2,THURSDAY,FRIDAY,NA,P10889
2516731,20529,21,6,6,0,6,6,321,65,THURSDAY,THURSDAY,NA,P10890
362368,50264,24,140,29,111,135,-82,165,14,SATURDAY,MONDAY,NA,P10891
2071999,150355,57,10,10,0,10,10,68,15,TUESDAY,WEDNESDAY,NA,P10892
420838,606,39,3,1,2,3,-1,0,2,SUNDAY,MONDAY,NA,P10893
22042113,1207173,9,145,11,134,139,-123,72,180,MONDAY,WEDNESDAY,NA,P10894
2239009,87722,9,3,3,0,3,3,0,12,SATURDAY,SATURDAY,NA,P10895
879585,49540,9,109,1,108,109,-107,73,32,SUNDAY,TUESDAY,NA,P10896
356059,27989,8,19,19,0,19,19,32,2,FRIDAY,SATURDAY,NA,P10897
100625,1280,105,15,0,1,15,-1,86,29,THURSDAY,SUNDAY,NA,P10898
1055660,120305,18,34,7,27,28,-20,79,38,MONDAY,WEDNESDAY,NA,P10899
6141231,290050,36,127,12,115,115,-103,88,226,SATURDAY,MONDAY,NA,P10900
7564986,123241,12,0,0,0,0,0,87,1,THURSDAY,FRIDAY,NA,P10901
996915,86122,24,83,9,74,80,-65,207,36,FRIDAY,SUNDAY,NA,P10902
11384,226,2,4,0,0,4,0,290,2,FRIDAY,MONDAY,NA,P10903
454393,66403,96,3,0,3,3,-3,136,3,SUNDAY,TUESDAY,NA,P10904
4526533,111134,9,18,18,0,18,18,78,17,FRIDAY,SATURDAY,NA,P10905
228007,24,16,2,0,2,2,-2,24,2,WEDNESDAY,THURSDAY,NA,P10906
3002026,77240,9,228,112,116,221,-4,84,1794,SATURDAY,MONDAY,NA,P10907
1340759,49392,9,23,23,0,23,23,155,2,WEDNESDAY,THURSDAY,NA,P10908
3319,1,17,0,0,0,0,0,75,2,SATURDAY,TUESDAY,NA,P10909
259412,991,8,13,13,0,13,13,107,1,THURSDAY,FRIDAY,NA,P10910
634995,463,1,1,1,0,1,1,98,2,FRIDAY,SATURDAY,NA,P10911
4290409,131422,9,526,16,510,515,-494,134,217,THURSDAY,SATURDAY,NA,P10912
1457476,3961,10,0,0,0,0,0,65,1,SUNDAY,MONDAY,NA,P10913
16146,1994,36,7,7,0,7,7,266,25,FRIDAY,FRIDAY,NA,P10914
9102550,194202,9,1237,20,228,1149,-208,103,883,SUNDAY,WEDNESDAY,NA,P10915
12301,87,18,0,0,0,0,0,81,2,SUNDAY,MONDAY,NA,P10916
17135,32,13,0,0,0,0,0,89,1,MONDAY,WEDNESDAY,NA,P10917
441897,16175,18,52,3,4,45,-1,74,23,SUNDAY,WEDNESDAY,NA,P10918
81756,2947,36,7,2,5,7,-3,0,3,MONDAY,WEDNESDAY,NA,P10919
950,10,24,0,0,0,0,0,78,1,SATURDAY,SUNDAY,NA,P10920
209979,185,46,0,0,0,0,0,0,3,SATURDAY,MONDAY,NA,P10921
8580,589,44,0,0,0,0,0,155,1,TUESDAY,TUESDAY,NA,P10922
228007,24,16,5,5,0,5,5,225,3,SATURDAY,SUNDAY,NA,P10923
656085,62122,39,29,29,0,29,29,0,1,THURSDAY,FRIDAY,NA,P10924
2156275,47233,9,5,4,1,5,3,175,44,MONDAY,WEDNESDAY,NA,P10925
1552629,64641,9,355,167,188,322,-21,34,357,THURSDAY,FRIDAY,NA,P10926
66311,442,75,3,3,0,3,3,52,15,TUESDAY,WEDNESDAY,NA,P10927
3002026,77240,9,45,45,0,45,45,57,32,SUNDAY,MONDAY,NA,P10928
609152,16856,18,26,1,2,23,-1,4,183,THURSDAY,SUNDAY,NA,P10929
1433518,101466,9,318,318,0,318,318,129,31,TUESDAY,TUESDAY,NA,P10930
11670473,145114,1,21,21,0,21,21,164,172,FRIDAY,SATURDAY,NA,P10931
1552629,64641,9,910,16,256,835,-240,438,1396,THURSDAY,SATURDAY,NA,P10932
73349,1484,18,35,35,0,35,35,0,13,THURSDAY,FRIDAY,NA,P10933
5365996,102442,9,77,2,75,75,-73,117,30,SUNDAY,TUESDAY,NA,P10934
425753,10938,31,57,1,12,54,-11,109,153,FRIDAY,SUNDAY,NA,P10935
661,0,24,3,0,0,3,0,102,17,SATURDAY,TUESDAY,NA,P10936
14363,675,68,0,0,0,0,0,207,1,TUESDAY,FRIDAY,NA,P10937
350630,66944,18,180,6,11,167,-5,132,24,WEDNESDAY,SATURDAY,NA,P10938
4662,12,49,1,1,0,1,1,251,1,TUESDAY,TUESDAY,NA,P10939
252794,6,22,1,0,1,1,-1,84,1,MONDAY,WEDNESDAY,NA,P10940
2239009,87722,9,39,39,0,39,39,114,78,FRIDAY,SATURDAY,NA,P10941
4072194,161174,9,52,3,1,48,2,514,53,SATURDAY,TUESDAY,NA,P10942
579587,33116,18,65,65,0,65,65,309,82,SUNDAY,SUNDAY,NA,P10943
97071,1000,18,2,2,0,2,2,64,6,THURSDAY,FRIDAY,NA,P10944
2078654,84453,9,100,9,91,96,-82,603,414,SUNDAY,TUESDAY,NA,P10945
2075758,17605,9,18,3,15,15,-12,257,12,THURSDAY,SATURDAY,NA,P10946
157959,175,18,20,5,15,19,-10,101,52,THURSDAY,SATURDAY,NA,P10947
165002,25302,36,32,32,0,32,32,248,146,SATURDAY,SUNDAY,NA,P10948
228007,24,16,1,0,1,1,-1,15,5,TUESDAY,THURSDAY,NA,P10949
321135,1651,16,1,0,1,1,-1,22,1,THURSDAY,SATURDAY,NA,P10950
1155,17,22,0,0,0,0,0,369,2,TUESDAY,WEDNESDAY,NA,P10951
115804,22,46,1,1,0,1,1,6,36,FRIDAY,FRIDAY,NA,P10952
1490561,150433,38,46,46,0,46,46,2,193,SUNDAY,SUNDAY,NA,P10953
101655,33,8,0,0,0,0,0,137,1,THURSDAY,SATURDAY,NA,P10954
155048,34292,18,57,19,38,57,-19,64,15,WEDNESDAY,THURSDAY,NA,P10955
2549867,177095,9,205,78,127,204,-49,137,313,TUESDAY,THURSDAY,NA,P10956
1548,581,16,2,0,2,2,-2,49,1,SATURDAY,SUNDAY,NA,P10957
6991,550,80,3,1,0,2,1,172,2,THURSDAY,SATURDAY,NA,P10958
189,4,4,1,1,0,1,1,122,1,MONDAY,TUESDAY,NA,P10959
1259,0,2,5,5,0,5,5,175,1,SUNDAY,SUNDAY,NA,P10960
996915,86122,24,374,3,30,342,-27,85,30,FRIDAY,MONDAY,NA,P10961
47872,3957,45,2,2,0,2,2,109,1,MONDAY,WEDNESDAY,NA,P10962
99033,1053,32,5,2,3,5,-1,0,1,FRIDAY,SUNDAY,NA,P10963
2549867,177095,9,105,4,101,105,-97,158,231,SUNDAY,TUESDAY,NA,P10964
210176,33484,18,51,8,43,44,-35,32,24,TUESDAY,THURSDAY,NA,P10965
155266,2454,60,0,0,0,0,0,21,2,WEDNESDAY,WEDNESDAY,NA,P10966
253349,1888,44,14,3,0,11,3,0,20,MONDAY,THURSDAY,NA,P10967
4488,124,40,1,1,0,1,1,1658,13,MONDAY,TUESDAY,NA,P10968
433536,11192,24,51,0,8,48,-8,72,2,SATURDAY,MONDAY,NA,P10969
9249800,88864,22,44,14,30,42,-16,70,108,FRIDAY,SUNDAY,NA,P10970
5925349,308173,9,0,0,0,0,0,158,56,THURSDAY,THURSDAY,NA,P10971
206412,1464,18,1,1,0,0,1,7,66,SATURDAY,MONDAY,NA,P10972
358398,8153,18,15,15,0,15,15,114,2,FRIDAY,FRIDAY,NA,P10973
20329,136,24,0,0,0,0,0,114,1,SUNDAY,SUNDAY,NA,P10974
2001197,1053,2,2,2,0,2,2,920,1,TUESDAY,WEDNESDAY,NA,P10975
4233,1005,18,5,5,0,5,5,16,2,SATURDAY,SUNDAY,NA,P10976
9108,35,8,1,1,0,1,1,0,1,SUNDAY,MONDAY,NA,P10977
4024,0,16,0,0,0,0,0,27,1,SUNDAY,MONDAY,NA,P10978
565299,53207,18,69,69,0,69,69,15,2493,WEDNESDAY,WEDNESDAY,NA,P10979
879585,49540,9,52,52,0,52,52,63,72,SUNDAY,MONDAY,NA,P10980
242526,701,4,4,1,3,4,-2,157,2,SUNDAY,MONDAY,NA,P10981
16146,1994,36,10,3,7,7,-4,105,59,TUESDAY,THURSDAY,NA,P10982
1433518,101466,9,101,4,97,100,-93,45,107,SATURDAY,MONDAY,NA,P10983
1847,65,17,11,0,2,9,-2,227,1,SATURDAY,TUESDAY,NA,P10984
84343,100,24,34,34,0,34,34,39,18,WEDNESDAY,THURSDAY,NA,P10985
2046147,123685,9,109,7,102,103,-95,16,39,FRIDAY,SUNDAY,NA,P10986
1204214,6418,1,1,0,0,1,0,39,15,THURSDAY,SUNDAY,NA,P10987
1174,3,24,0,0,0,0,0,93,4,SATURDAY,SUNDAY,NA,P10988
32745,770,32,0,0,0,0,0,82,6,FRIDAY,FRIDAY,NA,P10989
12502094,36292,14,0,0,0,0,0,39,16,THURSDAY,THURSDAY,NA,P10990
683375,16319,31,85,85,0,85,85,170,154,TUESDAY,WEDNESDAY,NA,P10991
3280313,39324,14,247,27,220,241,-193,395,478,SATURDAY,MONDAY,NA,P10992
1433518,101466,9,139,139,0,139,139,158,394,FRIDAY,FRIDAY,NA,P10993
11782829,11421,14,559,46,252,490,-206,65,767,THURSDAY,SUNDAY,NA,P10994
4125,255,27,0,0,0,0,0,45,2,FRIDAY,SUNDAY,NA,P10995
1145,39,59,0,0,0,0,0,32,1,SATURDAY,SUNDAY,NA,P10996
246883,10884,24,75,5,15,58,-10,0,475,MONDAY,THURSDAY,NA,P10997
3337470,11736,40,37,7,30,36,-23,399,31,THURSDAY,FRIDAY,NA,P10998
16272,311,24,11,0,11,11,-11,382,17,SUNDAY,TUESDAY,NA,P10999
10590,203,38,0,0,0,0,0,35,1,WEDNESDAY,THURSDAY,NA,P11000
